tanggal,Beras Kualitas Bawah I,Beras Kualitas Bawah II,Beras Kualitas Medium I,Beras Kualitas Medium II,Beras Kualitas Super I,Beras Kualitas Super II,Bawang Merah Ukuran Sedang,Cabai Rawit Hijau,Cabai Rawit Merah
04-01-21,10.400,9.900,11.750,11.000,12.750,12.400,32.250,56.250,62.500
05-01-21,10.400,9.900,11.750,11.000,12.750,12.400,31.750,56.250,68.750
06-01-21,10.400,9.900,11.750,11.000,12.750,12.400,31.750,56.250,68.750
07-01-21,10.400,9.900,11.750,11.000,12.750,12.400,31.750,56.000,71.250
08-01-21,10.400,9.900,11.750,11.000,12.750,12.400,31.750,56.000,71.250
09-01-21,,,,,,,,,
10-01-21,,,,,,,,,
11-01-21,10.400,9.900,11.750,11.000,12.750,12.400,31.750,56.250,73.750
12-01-21,10.400,9.900,11.750,11.000,12.750,12.400,32.750,56.250,73.750
13-01-21,10.400,9.900,11.750,11.000,12.750,12.400,32.750,55.000,71.250
14-01-21,10.400,9.900,11.750,11.000,12.750,12.400,29.750,55.000,71.250
15-01-21,10.400,9.900,11.750,11.000,12.750,12.400,28.500,57.500,71.250
16-01-21,,,,,,,,,
17-01-21,,,,,,,,,
18-01-21,10.400,9.900,11.750,11.000,12.750,12.400,29.000,58.750,66.250
19-01-21,10.400,9.900,11.750,11.000,12.750,12.400,29.000,58.750,65.000
20-01-21,10.400,9.900,11.750,11.000,12.750,12.400,28.500,57.500,65.000
21-01-21,10.400,9.900,11.750,11.000,12.750,12.400,28.500,57.500,65.000
22-01-21,10.400,9.900,11.750,11.000,12.750,12.400,28.500,57.500,66.250
23-01-21,,,,,,,,,
24-01-21,,,,,,,,,
25-01-21,10.400,9.900,11.750,11.000,12.750,12.400,26.000,58.750,70.000
26-01-21,10.400,9.900,11.750,11.000,12.750,12.400,26.000,61.250,71.250
27-01-21,10.400,9.900,11.750,11.000,12.750,12.400,26.000,62.500,71.250
28-01-21,10.400,9.900,11.750,11.000,12.750,12.400,26.000,62.500,72.500
29-01-21,10.400,9.900,11.750,11.000,12.750,12.400,26.000,62.500,72.500
30-01-21,,,,,,,,,
31-01-21,,,,,,,,,
01-02-21,10.400,9.900,11.750,11.000,12.750,12.400,26.000,66.250,71.250
02-02-21,10.400,9.900,11.750,11.000,12.750,12.400,26.000,63.000,72.500
03-02-21,10.400,9.900,11.750,11.000,12.750,12.400,26.000,63.000,72.500
04-02-21,10.400,9.900,11.750,11.000,12.750,12.400,26.000,63.000,72.500
05-02-21,10.400,9.900,11.750,11.000,12.750,12.400,26.000,63.750,72.500
06-02-21,,,,,,,,,
07-02-21,,,,,,,,,
08-02-21,10.400,9.900,11.750,11.000,12.750,12.400,26.750,63.750,71.250
09-02-21,10.400,9.900,11.750,11.000,12.750,12.400,26.750,63.750,70.000
10-02-21,10.400,9.900,11.750,11.000,12.750,12.400,26.750,63.750,67.500
11-02-21,10.400,9.900,11.750,11.000,12.750,12.400,26.750,67.500,70.000
12-02-21,,,,,,,,,
13-02-21,,,,,,,,,
14-02-21,,,,,,,,,
15-02-21,10.400,9.900,11.750,11.000,12.750,12.400,28.250,67.500,71.250
16-02-21,10.400,9.900,11.750,11.000,12.750,12.400,28.250,67.500,75.000
17-02-21,10.400,9.900,11.750,11.000,12.750,12.400,28.250,66.250,76.250
18-02-21,10.400,9.900,11.750,11.000,12.750,12.400,28.250,65.000,78.750
19-02-21,10.400,9.900,11.750,11.000,12.750,12.400,28.250,65.000,86.250
20-02-21,,,,,,,,,
21-02-21,,,,,,,,,
22-02-21,10.400,9.900,11.750,11.000,12.750,12.400,29.500,63.750,85.000
23-02-21,10.400,9.900,11.750,11.000,12.750,12.400,32.500,63.750,91.250
24-02-21,10.400,9.900,11.750,11.000,12.750,12.400,32.000,65.750,90.000
25-02-21,10.400,9.900,11.750,11.000,12.750,12.400,32.000,65.750,87.500
26-02-21,10.400,9.900,11.750,11.000,12.750,12.400,32.000,65.750,87.500
27-02-21,,,,,,,,,
28-02-21,,,,,,,,,
01-03-21,10.400,9.900,11.750,11.000,12.750,12.400,31.500,65.750,90.000
02-03-21,10.400,9.900,11.750,11.000,12.750,12.400,32.000,67.500,98.750
03-03-21,10.400,9.900,11.750,11.000,12.750,12.400,32.000,67.500,101.250
04-03-21,10.400,9.900,11.750,11.000,12.750,12.400,33.000,68.750,101.250
05-03-21,10.400,9.900,11.750,11.000,12.750,12.400,33.250,68.750,102.500
06-03-21,,,,,,,,,
07-03-21,,,,,,,,,
08-03-21,10.400,9.900,11.750,11.000,12.750,12.400,35.500,63.750,96.250
09-03-21,10.400,9.900,11.750,11.000,12.750,12.400,35.500,63.750,96.250
10-03-21,10.400,9.900,11.750,11.000,12.750,12.400,35.500,62.500,96.250
11-03-21,,,,,,,,,
12-03-21,10.400,9.900,11.750,11.000,12.750,12.400,35.500,61.250,103.150
13-03-21,,,,,,,,,
14-03-21,,,,,,,,,
15-03-21,10.400,9.900,11.750,11.000,12.750,12.400,36.250,62.500,120.000
16-03-21,10.400,9.900,11.750,11.000,12.750,12.400,36.250,62.500,118.750
17-03-21,10.400,9.900,11.750,11.000,12.750,12.400,36.250,62.500,118.750
18-03-21,10.400,9.900,11.750,11.000,12.750,12.400,36.250,62.500,118.750
19-03-21,10.400,9.900,11.750,11.000,12.750,12.400,36.250,60.000,118.750
20-03-21,,,,,,,,,
21-03-21,,,,,,,,,
22-03-21,10.400,9.900,11.750,11.000,12.750,12.400,36.250,60.000,107.500
23-03-21,10.400,9.900,11.750,11.000,12.750,12.400,36.250,56.250,102.500
24-03-21,10.400,9.900,11.750,11.000,12.750,12.400,36.250,56.250,102.500
25-03-21,10.400,9.900,11.750,11.000,12.750,12.400,36.250,56.250,101.250
26-03-21,10.400,9.900,11.750,11.000,12.750,12.400,36.250,56.250,101.250
27-03-21,,,,,,,,,
28-03-21,,,,,,,,,
29-03-21,10.400,9.900,11.750,11.000,12.750,12.400,35.250,52.500,77.500
30-03-21,10.400,9.900,11.750,11.000,12.750,12.400,35.250,52.500,71.250
31-03-21,10.400,9.900,11.750,11.000,12.750,12.400,35.250,52.500,67.500
01-04-21,10.400,9.900,11.750,11.000,12.750,12.400,33.500,52.500,66.250
02-04-21,,,,,,,,,
03-04-21,,,,,,,,,
04-04-21,,,,,,,,,
05-04-21,10.400,9.900,11.750,11.000,12.750,12.400,33.500,51.250,72.500
06-04-21,10.400,9.900,11.750,11.000,12.750,12.400,33.000,50.000,71.250
07-04-21,10.400,9.900,11.750,11.000,12.750,12.400,33.000,50.000,68.750
08-04-21,10.400,9.900,11.750,11.000,12.750,12.400,33.000,50.000,68.750
09-04-21,10.400,9.900,11.750,11.000,12.750,12.400,33.000,50.000,67.500
10-04-21,,,,,,,,,
11-04-21,,,,,,,,,
12-04-21,10.400,9.900,11.750,11.000,12.750,12.400,32.500,46.250,62.500
13-04-21,10.400,9.900,11.750,11.000,12.750,12.400,32.500,46.250,62.500
14-04-21,10.400,9.900,11.750,11.000,12.750,12.400,32.500,46.250,62.500
15-04-21,10.400,9.900,11.750,11.000,12.750,12.400,32.500,45.000,60.000
16-04-21,10.400,9.900,11.750,11.000,12.750,12.400,32.500,45.000,60.000
17-04-21,,,,,,,,,
18-04-21,,,,,,,,,
19-04-21,10.150,9.650,11.500,10.750,12.500,12.150,32.000,42.500,35.000
20-04-21,10.150,9.650,11.500,10.750,12.500,12.150,32.000,40.000,35.000
21-04-21,10.150,9.650,11.500,10.750,12.500,12.150,32.000,38.250,37.500
22-04-21,10.150,9.650,11.500,10.750,12.500,12.150,32.000,37.000,38.750
23-04-21,10.150,9.650,11.500,10.750,12.500,12.150,32.000,38.250,38.750
24-04-21,,,,,,,,,
25-04-21,,,,,,,,,
26-04-21,10.150,9.650,11.500,10.750,12.500,12.150,31.500,38.750,41.250
27-04-21,10.150,9.650,11.500,10.750,12.500,12.150,31.500,38.750,42.000
28-04-21,10.150,9.650,11.500,10.750,12.500,12.150,31.500,38.750,43.750
29-04-21,10.150,9.650,11.500,10.750,12.500,12.150,31.500,38.750,43.750
30-04-21,10.150,9.650,11.500,10.750,12.500,12.150,31.500,37.500,48.750
01-05-21,,,,,,,,,
02-05-21,,,,,,,,,
03-05-21,10.150,9.650,11.500,10.750,12.500,12.150,31.500,37.500,51.250
04-05-21,10.150,9.650,11.500,10.750,12.500,12.150,31.500,33.750,53.750
05-05-21,10.150,9.650,11.500,10.750,12.500,12.150,31.500,33.750,53.750
06-05-21,10.150,9.650,11.500,10.750,12.500,12.150,31.500,33.750,52.500
07-05-21,10.150,9.650,11.500,10.750,12.500,12.150,31.500,33.750,50.000
08-05-21,,,,,,,,,
09-05-21,,,,,,,,,
10-05-21,10.150,9.650,11.500,10.750,12.500,12.150,28.500,38.750,62.500
11-05-21,10.150,9.650,11.500,10.750,12.500,12.150,28.000,36.250,55.000
12-05-21,,,,,,,,,
13-05-21,,,,,,,,,
14-05-21,,,,,,,,,
15-05-21,,,,,,,,,
16-05-21,,,,,,,,,
17-05-21,10.150,9.650,11.500,10.750,12.500,12.150,29.500,33.750,42.500
18-05-21,10.150,9.650,11.500,10.750,12.500,12.150,29.500,33.750,42.500
19-05-21,10.150,9.650,11.500,10.750,12.500,12.150,29.500,32.500,41.250
20-05-21,10.150,9.650,11.500,10.750,12.500,12.150,29.000,31.250,41.250
21-05-21,10.150,9.650,11.500,10.750,12.500,12.150,29.000,28.750,37.500
22-05-21,,,,,,,,,
23-05-21,,,,,,,,,
24-05-21,10.150,9.650,11.500,10.750,12.500,12.150,29.500,25.000,35.000
25-05-21,10.150,9.650,11.500,10.750,12.500,12.150,29.500,25.000,36.250
26-05-21,,,,,,,,,
27-05-21,10.150,9.650,11.500,10.750,12.500,12.150,29.500,23.750,35.000
28-05-21,10.150,9.650,11.500,10.750,12.500,12.150,29.500,25.000,35.000
29-05-21,,,,,,,,,
30-05-21,,,,,,,,,
31-05-21,10.150,9.650,11.500,10.750,12.500,12.150,28.500,22.500,31.250
01-06-21,,,,,,,,,
02-06-21,10.150,9.650,11.500,10.750,12.500,12.150,28.500,22.500,31.250
03-06-21,10.150,9.650,11.500,10.750,12.500,12.150,28.500,22.500,31.250
04-06-21,10.150,9.650,11.500,10.750,12.500,12.150,28.500,22.500,31.250
05-06-21,,,,,,,,,
06-06-21,,,,,,,,,
07-06-21,10.150,9.650,11.500,10.750,12.500,12.150,28.250,20.000,30.000
08-06-21,10.150,9.650,11.500,10.750,12.500,12.150,27.750,20.000,30.000
09-06-21,10.150,9.650,11.500,10.750,12.500,12.150,27.750,21.250,29.500
10-06-21,10.150,9.650,11.500,10.750,12.500,12.150,27.750,21.250,28.250
11-06-21,10.150,9.650,11.500,10.750,12.500,12.150,27.750,21.250,28.250
12-06-21,,,,,,,,,
13-06-21,,,,,,,,,
14-06-21,10.150,9.650,11.500,10.750,12.500,12.150,27.750,25.250,27.500
15-06-21,10.150,9.650,11.500,10.750,12.500,12.150,27.750,25.250,26.250
16-06-21,10.150,9.650,11.500,10.750,12.500,12.150,27.750,25.250,26.250
17-06-21,10.150,9.650,11.500,10.750,12.500,12.150,27.750,25.250,26.250
18-06-21,10.150,9.650,11.500,10.750,12.500,12.150,27.750,25.250,26.250
19-06-21,,,,,,,,,
20-06-21,,,,,,,,,
21-06-21,10.150,9.650,11.500,10.750,12.500,12.150,27.750,29.250,37.000
22-06-21,10.150,9.650,11.500,10.750,12.500,12.150,27.750,29.250,38.250
23-06-21,10.150,9.650,11.500,10.750,12.500,12.150,27.750,29.250,38.250
24-06-21,10.150,9.650,11.500,10.750,12.500,12.150,27.750,29.250,40.000
25-06-21,10.150,9.650,11.500,10.750,12.500,12.150,27.750,29.250,43.000
26-06-21,,,,,,,,,
27-06-21,,,,,,,,,
28-06-21,10.150,9.650,11.500,10.750,12.500,12.150,27.750,29.250,42.000
29-06-21,10.150,9.650,11.500,10.750,12.500,12.150,27.750,29.250,42.000
30-06-21,10.150,9.650,11.500,10.750,12.500,12.150,28.250,29.250,42.000
01-07-21,10.150,9.650,11.500,10.750,12.500,12.150,28.250,29.250,42.000
02-07-21,10.150,9.650,11.500,10.750,12.500,12.150,28.250,30.000,43.250
03-07-21,,,,,,,,,
04-07-21,,,,,,,,,
05-07-21,10.150,9.650,11.500,10.750,12.500,12.150,28.250,29.250,42.000
06-07-21,10.150,9.650,11.500,10.750,12.500,12.150,28.750,28.000,44.500
07-07-21,10.150,9.650,11.500,10.750,12.500,12.150,28.750,28.000,45.500
08-07-21,10.150,9.650,11.500,10.750,12.500,12.150,28.750,28.000,47.500
09-07-21,10.150,9.650,11.500,10.750,12.500,12.150,28.750,28.000,48.750
10-07-21,,,,,,,,,
11-07-21,,,,,,,,,
12-07-21,10.150,9.650,11.500,10.750,12.500,12.150,29.000,30.000,47.500
13-07-21,10.150,9.650,11.500,10.750,12.500,12.150,29.000,30.000,50.000
14-07-21,10.150,9.650,11.500,10.750,12.500,12.150,29.000,28.750,53.750
15-07-21,10.150,9.650,11.500,10.750,12.500,12.150,29.000,28.750,53.250
16-07-21,10.150,9.650,11.500,10.750,12.500,12.150,29.000,28.750,53.250
17-07-21,,,,,,,,,
18-07-21,,,,,,,,,
19-07-21,10.150,9.650,11.500,10.750,12.500,12.150,29.250,28.750,52.000
20-07-21,,,,,,,,,
21-07-21,10.150,9.650,11.500,10.750,12.500,12.150,29.250,27.500,51.250
22-07-21,10.150,9.650,11.500,10.750,12.500,12.150,29.250,27.500,49.000
23-07-21,10.150,9.650,11.500,10.750,12.500,12.150,29.250,27.500,49.000
24-07-21,,,,,,,,,
25-07-21,,,,,,,,,
26-07-21,10.150,9.650,11.500,10.750,12.500,12.150,33.750,27.500,40.000
27-07-21,10.150,9.650,11.500,10.750,12.500,12.150,33.750,27.500,37.500
28-07-21,10.150,9.650,11.500,10.750,12.500,12.150,33.750,27.500,36.250
29-07-21,10.150,9.650,11.500,10.750,12.500,12.150,33.750,27.500,35.000
30-07-21,10.150,9.650,11.500,10.750,12.500,12.150,33.750,26.250,35.000
31-07-21,,,,,,,,,
01-08-21,,,,,,,,,
02-08-21,10.150,9.650,11.500,10.750,12.500,12.150,35.000,25.000,31.250
03-08-21,10.150,9.650,11.500,10.750,12.500,12.150,35.000,25.000,30.000
04-08-21,10.150,9.650,11.500,10.750,12.500,12.150,35.750,25.000,30.000
05-08-21,10.150,9.650,11.500,10.750,12.500,12.150,35.750,25.000,31.250
06-08-21,10.150,9.650,11.500,10.750,12.500,12.150,35.750,25.000,30.000
07-08-21,,,,,,,,,
08-08-21,,,,,,,,,
09-08-21,10.150,9.650,11.500,10.750,12.500,12.150,35.750,25.000,26.250
10-08-21,10.150,9.650,11.500,10.750,12.500,12.150,35.750,25.000,26.250
11-08-21,,,,,,,,,
12-08-21,10.150,9.650,11.500,10.750,12.500,12.150,32.750,21.250,22.500
13-08-21,10.150,9.650,11.500,10.750,12.500,12.150,32.750,21.250,22.500
14-08-21,,,,,,,,,
15-08-21,,,,,,,,,
16-08-21,10.150,9.650,11.500,10.750,12.500,12.150,29.000,21.250,21.250
17-08-21,,,,,,,,,
18-08-21,10.150,9.650,11.500,10.750,12.500,12.150,29.000,21.250,20.000
19-08-21,10.150,9.650,11.500,10.750,12.500,12.150,29.000,20.000,20.000
20-08-21,10.150,9.650,11.500,10.750,12.500,12.150,29.000,19.250,19.500
21-08-21,,,,,,,,,
22-08-21,,,,,,,,,
23-08-21,10.150,9.650,11.500,10.750,12.500,12.150,28.250,15.500,15.000
24-08-21,10.150,9.650,11.500,10.750,12.500,12.150,28.250,15.000,15.000
25-08-21,10.150,9.650,11.500,10.750,12.500,12.150,28.250,15.000,15.750
26-08-21,10.150,9.650,11.500,10.750,12.500,12.150,28.250,15.000,15.750
27-08-21,10.150,9.650,11.500,10.750,12.500,12.150,28.250,16.250,16.250
28-08-21,,,,,,,,,
29-08-21,,,,,,,,,
30-08-21,10.150,9.650,11.500,10.750,12.500,12.150,27.000,17.500,16.250
31-08-21,10.150,9.650,11.500,10.750,12.500,12.150,27.000,18.750,16.500
01-09-21,10.150,9.650,11.500,10.750,12.500,12.150,27.000,19.250,16.750
02-09-21,10.150,9.650,11.500,10.750,12.500,12.150,27.000,19.250,16.750
03-09-21,10.150,9.650,11.500,10.750,12.500,12.150,27.000,19.250,16.750
04-09-21,,,,,,,,,
05-09-21,,,,,,,,,
06-09-21,10.150,9.650,11.500,10.750,12.500,12.150,27.000,22.500,18.750
07-09-21,10.150,9.650,11.500,10.750,12.500,12.150,27.000,22.500,18.750
08-09-21,10.150,9.650,11.500,10.750,12.500,12.150,27.000,22.500,18.500
09-09-21,10.150,9.650,11.500,10.750,12.500,12.150,27.000,22.500,18.500
10-09-21,10.150,9.650,11.500,10.750,12.500,12.150,27.000,22.500,18.500
11-09-21,,,,,,,,,
12-09-21,,,,,,,,,
13-09-21,10.150,9.650,11.500,10.750,12.500,12.150,27.000,22.500,17.000
14-09-21,10.150,9.650,11.500,10.750,12.500,12.150,25.500,22.500,17.000
15-09-21,10.150,9.650,11.500,10.750,12.500,12.150,25.500,22.500,17.000
16-09-21,10.150,9.650,11.500,10.750,12.500,12.150,25.500,22.500,17.250
17-09-21,10.150,9.650,11.500,10.750,12.500,12.150,25.500,22.250,16.250
18-09-21,,,,,,,,,
19-09-21,,,,,,,,,
20-09-21,10.150,9.650,11.500,10.750,12.500,12.150,25.500,22.250,18.250
21-09-21,10.150,9.650,11.500,10.750,12.500,12.150,25.500,22.500,18.750
22-09-21,10.150,9.650,11.500,10.750,12.500,12.150,25.500,22.250,18.750
23-09-21,10.150,9.650,11.500,10.750,12.500,12.150,25.500,22.250,20.000
24-09-21,10.150,9.650,11.500,10.750,12.500,12.150,25.500,21.000,19.500
25-09-21,,,,,,,,,
26-09-21,,,,,,,,,
27-09-21,10.150,9.650,11.500,10.750,12.500,12.150,26.000,21.250,19.250
28-09-21,10.150,9.650,11.500,10.750,12.500,12.150,26.000,21.250,19.000
29-09-21,10.150,9.650,11.500,10.750,12.500,12.150,26.000,21.250,19.000
30-09-21,10.150,9.650,11.500,10.750,12.500,12.150,26.000,21.250,19.000
01-10-21,10.150,9.650,11.500,10.750,12.500,12.150,26.000,23.750,19.000
02-10-21,,,,,,,,,
03-10-21,,,,,,,,,
04-10-21,10.150,9.650,11.500,10.750,12.500,12.150,25.500,23.750,23.500
05-10-21,10.150,9.650,11.500,10.750,12.500,12.150,25.500,26.250,24.250
06-10-21,10.150,9.650,11.500,10.750,12.500,12.150,25.500,26.250,24.500
07-10-21,10.150,9.650,11.500,10.750,12.500,12.150,25.500,26.250,24.500
08-10-21,10.150,9.650,11.500,10.750,12.500,12.150,25.500,26.250,24.500
09-10-21,,,,,,,,,
10-10-21,,,,,,,,,
11-10-21,10.150,9.650,11.500,10.750,12.500,12.150,26.500,27.000,24.500
12-10-21,10.150,9.650,11.500,10.750,12.500,12.150,26.500,27.500,25.000
13-10-21,10.150,9.650,11.500,10.750,12.500,12.150,26.500,26.250,24.500
14-10-21,10.150,9.650,11.500,10.750,12.500,12.150,26.500,26.250,25.750
15-10-21,10.150,9.650,11.500,10.750,12.500,12.150,26.500,26.250,26.250
16-10-21,,,,,,,,,
17-10-21,,,,,,,,,
18-10-21,10.150,9.650,11.900,10.900,12.650,12.150,26.000,28.750,25.000
19-10-21,10.150,9.650,11.900,10.900,12.650,12.150,26.000,28.500,25.000
20-10-21,,,,,,,,,
21-10-21,10.150,9.650,11.900,10.900,12.650,12.150,26.000,28.500,25.000
22-10-21,10.150,9.650,11.900,10.900,12.650,12.150,26.000,28.500,26.750
23-10-21,,,,,,,,,
24-10-21,,,,,,,,,
25-10-21,10.150,9.650,11.900,10.900,12.650,12.150,26.000,28.750,24.500
26-10-21,10.150,9.650,11.900,10.900,12.650,12.150,26.000,28.750,23.250
27-10-21,10.150,9.650,11.900,10.900,12.650,12.150,26.000,28.750,21.750
28-10-21,10.150,9.650,11.900,10.900,12.650,12.150,26.000,28.750,21.750
29-10-21,10.150,9.650,11.900,10.900,12.650,12.150,25.000,25.250,21.000
30-10-21,,,,,,,,,
31-10-21,,,,,,,,,
01-11-21,10.150,9.650,11.900,10.900,12.650,12.150,25.000,25.750,19.250
02-11-21,10.150,9.650,11.900,10.900,12.650,12.150,25.000,24.500,19.250
03-11-21,10.150,9.650,11.900,10.900,12.650,12.150,25.000,23.250,19.250
04-11-21,10.150,9.650,11.900,10.900,12.650,12.150,25.000,20.500,18.750
05-11-21,10.150,9.650,11.900,10.900,12.650,12.150,25.000,20.500,18.750
06-11-21,,,,,,,,,
07-11-21,,,,,,,,,
08-11-21,10.150,9.650,11.900,10.900,12.650,12.150,24.500,21.250,19.250
09-11-21,10.150,9.650,11.900,10.900,12.650,12.150,24.500,21.250,19.250
10-11-21,10.150,9.650,11.900,10.900,12.650,12.150,24.500,20.000,18.750
11-11-21,10.150,9.650,11.900,10.900,12.650,12.150,24.500,20.000,18.750
12-11-21,10.150,9.650,11.900,10.900,12.650,12.150,24.500,20.000,18.750
13-11-21,,,,,,,,,
14-11-21,,,,,,,,,
15-11-21,10.150,9.650,11.900,10.900,12.650,12.150,24.500,20.000,18.750
16-11-21,10.150,9.650,11.900,10.900,12.650,12.150,24.500,20.000,18.750
17-11-21,10.150,9.650,11.900,10.900,12.650,12.150,23.250,20.000,19.250
18-11-21,10.150,9.650,11.900,10.900,12.650,12.150,23.250,21.500,19.500
19-11-21,10.150,9.650,11.900,10.900,12.650,12.150,23.250,21.750,19.750
20-11-21,,,,,,,,,
21-11-21,,,,,,,,,
22-11-21,10.150,9.650,11.900,10.900,12.650,12.150,23.250,25.750,25.750
23-11-21,10.150,9.650,11.900,10.900,12.650,12.150,23.250,27.500,26.750
24-11-21,10.150,9.650,11.900,10.900,12.650,12.150,23.250,27.500,24.500
25-11-21,10.150,9.650,11.900,10.900,12.650,12.150,23.250,31.250,25.500
26-11-21,10.150,9.650,11.900,10.900,12.650,12.150,23.250,37.500,25.500
27-11-21,,,,,,,,,
28-11-21,,,,,,,,,
29-11-21,10.150,9.650,11.900,10.900,12.650,12.150,23.750,48.750,40.000
30-11-21,10.150,9.650,11.900,10.900,12.650,12.150,23.750,48.750,40.000
01-12-21,10.150,9.650,11.900,10.900,12.650,12.150,23.750,53.750,42.500
02-12-21,10.150,9.650,11.900,10.900,12.650,12.150,23.750,51.250,51.250
03-12-21,10.150,9.650,11.900,10.900,12.650,12.150,23.750,50.000,51.250
04-12-21,,,,,,,,,
05-12-21,,,,,,,,,
06-12-21,10.150,9.650,11.900,10.900,12.650,12.150,23.750,56.250,60.000
07-12-21,10.150,9.650,11.900,10.900,12.650,12.150,23.750,56.250,60.000
08-12-21,10.150,9.650,11.900,10.900,12.650,12.150,23.750,56.250,60.000
09-12-21,10.150,9.650,11.900,10.900,12.650,12.150,24.250,58.750,60.000
10-12-21,10.150,9.650,11.900,10.900,12.650,12.150,24.250,58.750,60.000
11-12-21,,,,,,,,,
12-12-21,,,,,,,,,
13-12-21,10.150,9.650,11.900,10.900,12.650,12.150,24.750,62.500,72.500
14-12-21,10.150,9.650,11.900,10.900,12.650,12.150,24.750,62.500,72.500
15-12-21,10.150,9.650,11.900,10.900,12.650,12.150,24.750,68.750,78.750
16-12-21,10.150,9.650,11.900,10.900,12.650,12.150,24.750,68.750,78.750
17-12-21,10.150,9.650,11.900,10.900,12.650,12.150,24.750,67.500,81.250
18-12-21,,,,,,,,,
19-12-21,,,,,,,,,
20-12-21,10.150,9.650,11.900,10.900,12.650,12.150,25.250,67.500,83.250
21-12-21,10.150,9.650,11.900,10.900,12.650,12.150,25.250,67.000,82.500
22-12-21,10.150,9.650,11.900,10.900,12.650,12.150,25.250,63.750,82.500
23-12-21,10.150,9.650,11.900,10.900,12.650,12.150,25.250,63.750,82.500
24-12-21,10.150,9.650,11.900,10.900,12.650,12.150,25.250,63.750,82.500
25-12-21,,,,,,,,,
26-12-21,,,,,,,,,
27-12-21,10.150,9.650,11.900,11.150,12.650,12.150,26.000,66.250,80.000
28-12-21,10.150,9.650,11.900,11.150,12.650,12.150,26.000,66.250,80.000
29-12-21,10.150,9.650,11.900,11.150,12.650,12.150,26.000,62.500,78.750
30-12-21,10.150,9.650,11.900,11.150,12.650,12.150,26.000,62.500,78.750
31-12-21,10.150,9.650,11.900,11.150,12.650,12.150,26.000,60.000,47.500
01-01-22,,,,,,,,,
02-01-22,,,,,,,,,
03-01-22,10.150,9.650,11.900,11.150,12.650,12.150,26.250,62.500,73.750
04-01-22,10.150,9.650,11.900,11.150,12.650,12.150,26.250,62.500,60.000
05-01-22,10.150,9.650,11.900,11.150,12.650,12.150,26.250,62.500,57.500
06-01-22,10.150,9.650,11.900,11.150,12.650,12.150,26.250,62.500,47.500
07-01-22,10.150,9.650,11.900,11.150,12.650,12.150,26.250,58.750,46.250
08-01-22,,,,,,,,,
09-01-22,,,,,,,,,
10-01-22,10.150,9.650,11.900,11.150,12.650,12.150,26.250,55.000,46.250
11-01-22,10.150,9.650,11.900,11.150,12.650,12.150,26.250,55.000,46.250
12-01-22,10.150,9.650,11.900,11.150,12.650,12.150,26.250,51.250,44.250
13-01-22,10.150,9.650,11.900,11.150,12.650,12.150,26.250,48.750,43.000
14-01-22,10.150,9.650,11.900,11.150,12.650,12.150,26.250,48.750,41.750
15-01-22,,,,,,,,,
16-01-22,,,,,,,,,
17-01-22,10.150,9.650,11.900,11.150,12.650,12.150,26.250,45.000,41.250
18-01-22,10.150,9.650,11.900,11.150,12.650,12.150,26.250,45.000,41.250
19-01-22,10.150,9.650,11.900,11.150,12.650,12.150,26.250,45.000,37.500
20-01-22,10.150,9.650,11.900,11.150,12.650,12.150,26.250,45.000,36.250
21-01-22,10.150,9.650,11.900,11.150,12.650,12.150,26.250,43.750,35.000
22-01-22,,,,,,,,,
23-01-22,,,,,,,,,
24-01-22,10.150,9.650,11.900,11.150,12.650,12.150,25.750,43.000,27.000
25-01-22,10.150,9.650,11.900,11.150,12.650,12.150,25.750,43.000,27.000
26-01-22,10.150,9.650,11.900,11.150,12.650,12.150,25.750,43.000,25.750
27-01-22,10.150,9.650,11.900,11.150,12.650,12.150,25.750,42.500,25.750
28-01-22,10.150,9.650,11.900,11.150,12.650,12.150,25.750,42.500,25.750
29-01-22,,,,,,,,,
30-01-22,,,,,,,,,
31-01-22,10.150,9.650,11.900,11.150,12.650,12.150,26.500,42.500,24.250
01-02-22,,,,,,,,,
02-02-22,10.150,9.650,11.900,11.150,12.650,12.150,26.500,40.000,24.250
03-02-22,10.150,9.650,11.900,11.150,12.650,12.150,26.500,37.500,28.250
04-02-22,10.150,9.650,11.900,11.150,12.650,12.150,26.500,37.500,30.500
05-02-22,,,,,,,,,
06-02-22,,,,,,,,,
07-02-22,10.150,9.650,11.900,11.150,12.650,12.150,29.250,33.750,30.000
08-02-22,10.150,9.650,11.900,11.150,12.650,12.150,29.250,33.750,30.000
09-02-22,10.150,9.650,11.900,11.150,12.650,12.150,29.250,35.000,30.500
10-02-22,10.150,9.650,11.900,11.150,12.650,12.150,29.250,35.000,30.500
11-02-22,10.150,9.650,11.900,11.150,12.650,12.150,29.250,40.000,30.500
12-02-22,,,,,,,,,
13-02-22,,,,,,,,,
14-02-22,10.150,9.650,11.900,11.150,12.650,12.150,35.000,40.000,31.000
15-02-22,10.150,9.650,11.900,11.150,12.650,12.150,35.000,40.000,33.750
16-02-22,10.150,9.650,11.900,11.150,12.650,12.150,35.000,40.000,35.000
17-02-22,10.150,9.650,11.900,11.150,12.650,12.150,35.000,40.000,35.000
18-02-22,10.150,9.650,11.900,11.150,12.650,12.150,35.000,40.000,35.000
19-02-22,,,,,,,,,
20-02-22,,,,,,,,,
21-02-22,10.150,9.650,11.900,11.150,12.650,12.150,35.000,41.250,36.250
22-02-22,10.150,9.650,11.900,11.150,12.650,12.150,35.000,41.250,36.250
23-02-22,10.150,9.650,11.900,11.150,12.650,12.150,35.000,41.250,36.250
24-02-22,10.150,9.650,11.900,11.150,12.650,12.150,35.000,41.250,43.250
25-02-22,10.150,9.650,11.900,11.150,12.650,12.150,35.000,41.250,43.250
26-02-22,,,,,,,,,
27-02-22,,,,,,,,,
28-02-22,,,,,,,,,
01-03-22,10.150,9.650,11.900,11.150,12.650,12.150,35.000,41.250,58.750
02-03-22,10.150,9.650,11.900,11.150,12.650,12.150,35.000,41.250,62.500
03-03-22,,,,,,,,,
04-03-22,10.150,9.650,11.900,11.150,12.650,12.150,35.000,41.250,62.500
05-03-22,,,,,,,,,
06-03-22,,,,,,,,,
07-03-22,10.150,9.650,11.900,11.150,12.650,12.150,35.000,41.250,67.500
08-03-22,10.150,9.650,11.900,11.150,12.650,12.150,35.000,41.250,67.500
09-03-22,10.150,9.650,11.900,11.150,12.650,12.150,35.000,41.250,67.500
10-03-22,10.150,9.650,11.900,11.150,12.650,12.150,35.000,38.750,61.250
11-03-22,10.150,9.650,11.900,11.150,12.650,12.150,33.750,38.750,61.250
12-03-22,,,,,,,,,
13-03-22,,,,,,,,,
14-03-22,10.150,9.650,11.900,11.150,12.650,12.150,33.750,37.500,58.750
15-03-22,10.150,9.650,11.900,11.150,12.650,12.150,33.750,37.500,58.750
16-03-22,10.150,9.650,11.900,11.150,12.650,12.150,33.750,37.500,53.750
17-03-22,10.150,9.650,11.900,11.150,12.650,12.150,33.750,37.500,46.250
18-03-22,10.150,9.650,11.900,11.150,12.650,12.150,33.750,40.500,47.500
19-03-22,,,,,,,,,
20-03-22,,,,,,,,,
21-03-22,10.150,9.650,11.900,11.150,12.650,12.150,33.750,40.500,47.500
22-03-22,10.150,9.650,11.900,11.150,12.650,12.150,33.750,40.500,42.500
23-03-22,10.150,9.650,11.900,11.150,12.650,12.150,33.750,40.500,42.500
24-03-22,10.150,9.650,11.900,11.150,12.650,12.150,33.750,40.500,42.500
25-03-22,10.150,9.650,11.900,11.150,12.650,12.150,33.750,40.500,42.500
26-03-22,,,,,,,,,
27-03-22,,,,,,,,,
28-03-22,10.150,9.650,11.900,11.150,12.650,12.150,29.500,42.500,40.000
29-03-22,10.150,9.650,11.900,11.150,12.650,12.150,29.500,42.500,38.750
30-03-22,10.150,9.650,11.900,11.150,12.650,12.150,29.500,42.500,38.750
31-03-22,10.150,9.650,11.900,11.150,12.650,12.150,29.500,42.500,43.750
01-04-22,10.150,9.650,11.900,11.150,12.650,12.150,29.500,40.000,43.750
02-04-22,,,,,,,,,
03-04-22,,,,,,,,,
04-04-22,10.150,9.650,11.900,11.150,12.650,12.150,29.500,43.750,46.250
05-04-22,10.150,9.650,11.900,11.150,12.650,12.150,28.750,43.750,46.250
06-04-22,10.150,9.650,11.900,11.150,12.650,12.150,29.250,43.750,43.750
07-04-22,10.150,9.650,11.900,11.150,12.650,12.150,29.250,43.750,43.750
08-04-22,10.150,9.650,11.900,11.150,12.650,12.150,29.250,42.500,37.500
09-04-22,,,,,,,,,
10-04-22,,,,,,,,,
11-04-22,10.150,9.650,11.900,11.150,12.650,12.150,29.250,38.500,28.750
12-04-22,10.150,9.650,11.900,11.150,12.650,12.150,29.250,37.250,28.750
13-04-22,10.150,9.650,11.900,11.150,12.650,12.150,29.250,37.250,28.750
14-04-22,10.150,9.650,11.900,11.150,12.650,12.150,29.250,37.250,28.750
15-04-22,,,,,,,,,
16-04-22,,,,,,,,,
17-04-22,,,,,,,,,
18-04-22,10.150,9.650,11.900,11.150,12.650,12.150,29.250,36.000,31.250
19-04-22,10.150,9.650,11.900,11.150,12.650,12.150,29.250,36.000,31.250
20-04-22,10.150,9.650,11.900,11.150,12.650,12.150,29.250,36.000,31.250
21-04-22,10.150,9.650,11.900,11.150,12.650,12.150,29.250,34.750,28.750
22-04-22,10.150,9.650,11.900,11.150,12.650,12.150,29.250,34.750,28.750
23-04-22,,,,,,,,,
24-04-22,,,,,,,,,
25-04-22,10.150,9.650,11.900,11.150,12.650,12.150,29.750,40.000,32.500
26-04-22,10.150,9.650,11.900,11.150,12.650,12.150,29.750,40.000,32.500
27-04-22,10.150,9.650,11.900,11.150,12.650,12.150,33.000,40.000,32.500
28-04-22,10.150,9.650,11.900,11.150,12.650,12.150,33.000,40.000,32.500
29-04-22,,,,,,,,,
30-04-22,,,,,,,,,
01-05-22,,,,,,,,,
02-05-22,,,,,,,,,
03-05-22,,,,,,,,,
04-05-22,,,,,,,,,
05-05-22,,,,,,,,,
06-05-22,,,,,,,,,
07-05-22,,,,,,,,,
08-05-22,,,,,,,,,
09-05-22,10.150,9.650,11.900,11.150,12.650,12.150,35.750,42.500,36.250
10-05-22,10.150,9.650,11.900,11.150,12.650,12.150,35.750,41.250,35.000
11-05-22,10.150,9.650,11.900,11.150,12.650,12.150,35.750,40.000,35.000
12-05-22,10.150,9.650,11.900,11.150,12.650,12.150,35.750,40.000,33.750
13-05-22,10.150,9.650,11.900,11.150,12.650,12.150,35.750,38.750,33.750
14-05-22,,,,,,,,,
15-05-22,,,,,,,,,
16-05-22,,,,,,,,,
17-05-22,10.150,9.650,11.900,11.150,12.650,12.150,38.250,42.500,37.500
18-05-22,10.150,9.650,11.900,11.150,12.650,12.150,38.250,43.250,40.000
19-05-22,10.150,9.650,11.900,11.150,12.650,12.150,38.250,43.250,49.250
20-05-22,10.150,9.650,11.900,11.150,12.650,12.150,38.250,44.500,49.250
21-05-22,,,,,,,,,
22-05-22,,,,,,,,,
23-05-22,10.150,9.650,11.900,11.150,12.650,12.150,37.250,45.000,46.750
24-05-22,10.150,9.650,11.900,11.150,12.650,12.150,37.250,45.000,50.000
25-05-22,10.150,9.650,11.900,11.150,12.650,12.150,37.250,47.500,55.000
26-05-22,,,,,,,,,
27-05-22,10.150,9.650,11.900,11.150,12.650,12.150,37.250,46.250,57.500
28-05-22,,,,,,,,,
29-05-22,,,,,,,,,
30-05-22,10.150,9.650,11.900,11.150,12.650,12.150,38.500,50.000,58.750
31-05-22,10.150,9.650,11.900,11.150,12.650,12.150,38.500,50.000,62.000
01-06-22,,,,,,,,,
02-06-22,10.150,9.650,11.900,11.150,12.650,12.150,38.500,52.500,63.250
03-06-22,10.150,9.650,11.900,11.150,12.650,12.150,38.500,52.500,63.250
04-06-22,,,,,,,,,
05-06-22,,,,,,,,,
06-06-22,10.150,9.650,11.900,11.150,12.650,12.150,40.750,65.000,88.750
07-06-22,10.150,9.650,11.900,11.150,12.650,12.150,40.750,65.000,87.500
08-06-22,10.150,9.650,11.900,11.150,12.650,12.150,40.750,66.250,90.000
09-06-22,10.150,9.650,11.900,11.150,12.650,12.150,40.750,66.250,90.000
10-06-22,10.150,9.650,11.900,11.150,12.650,12.150,40.750,67.500,88.750
11-06-22,,,,,,,,,
12-06-22,,,,,,,,,
13-06-22,10.150,9.650,11.900,11.150,12.650,12.150,48.750,67.500,88.000
14-06-22,10.150,9.650,11.900,11.150,12.650,12.150,48.750,67.500,90.000
15-06-22,10.150,9.650,11.900,11.150,12.650,12.150,48.750,67.500,90.000
16-06-22,10.150,9.650,11.900,11.150,12.650,12.150,48.750,67.500,90.000
17-06-22,10.150,9.650,11.900,11.150,12.650,12.150,48.750,67.500,88.750
18-06-22,,,,,,,,,
19-06-22,,,,,,,,,
20-06-22,10.150,9.650,11.900,11.150,12.650,12.150,51.250,68.750,88.750
21-06-22,10.150,9.650,11.900,11.150,12.650,12.150,51.250,68.750,88.750
22-06-22,10.150,9.650,11.900,11.150,12.650,12.150,51.250,68.750,88.750
23-06-22,10.150,9.650,11.900,11.150,12.650,12.150,51.250,72.500,91.250
24-06-22,10.150,9.650,11.900,11.150,12.650,12.150,51.250,72.500,92.500
25-06-22,,,,,,,,,
26-06-22,,,,,,,,,
27-06-22,10.150,9.650,11.900,11.150,12.650,12.150,51.250,72.500,91.250
28-06-22,10.150,9.650,11.900,11.150,12.650,12.150,51.250,72.500,92.500
29-06-22,10.150,9.650,11.900,11.150,12.650,12.150,51.250,72.500,92.500
30-06-22,10.150,9.650,11.900,11.150,12.650,12.150,51.250,72.500,92.500
01-07-22,10.150,9.650,11.900,11.150,12.650,12.150,55.000,75.000,92.500
02-07-22,,,,,,,,,
03-07-22,,,,,,,,,
04-07-22,10.150,9.650,11.900,11.150,12.650,12.150,57.500,80.000,90.000
05-07-22,10.150,9.650,11.900,11.150,12.650,12.150,57.500,83.750,91.250
06-07-22,10.150,9.650,11.900,11.150,12.650,12.150,60.000,83.750,91.250
07-07-22,10.150,9.650,11.900,11.150,12.650,12.150,60.000,82.500,90.000
08-07-22,10.150,9.650,11.900,11.150,12.650,12.150,60.000,81.250,88.750
09-07-22,,,,,,,,,
10-07-22,,,,,,,,,
11-07-22,10.150,9.650,11.900,11.150,12.650,12.150,60.000,86.250,91.250
12-07-22,10.150,9.650,11.900,11.150,12.650,12.150,60.000,83.750,88.000
13-07-22,10.150,9.650,11.900,11.150,12.650,12.150,60.000,83.750,86.750
14-07-22,10.150,9.650,11.900,11.150,12.650,12.150,60.000,82.500,83.750
15-07-22,10.150,9.650,11.900,11.150,12.650,12.150,60.000,78.750,78.750
16-07-22,,,,,,,,,
17-07-22,,,,,,,,,
18-07-22,10.150,9.650,11.900,11.150,12.650,12.150,57.500,65.000,65.000
19-07-22,10.150,9.650,11.900,11.150,12.650,12.150,60.000,61.250,63.000
20-07-22,10.150,9.650,11.900,11.150,12.650,12.150,60.000,58.750,60.500
21-07-22,10.150,9.650,11.900,11.150,12.650,12.150,58.750,58.750,60.000
22-07-22,10.150,9.650,11.900,11.150,12.650,12.150,58.750,57.500,60.000
23-07-22,,,,,,,,,
24-07-22,,,,,,,,,
25-07-22,10.150,9.650,11.900,11.150,12.650,12.150,53.750,57.500,60.000
26-07-22,10.150,9.650,11.900,11.150,12.650,12.150,48.750,57.500,60.000
27-07-22,10.150,9.650,11.900,11.150,12.650,12.150,48.750,55.000,58.750
28-07-22,10.150,9.650,11.900,11.150,12.650,12.150,42.500,51.250,56.250
29-07-22,10.150,9.650,11.900,11.150,12.650,12.150,42.500,51.250,55.000
30-07-22,,,,,,,,,
31-07-22,,,,,,,,,
01-08-22,10.150,9.650,11.900,11.150,12.650,12.150,41.000,51.250,55.000
02-08-22,10.150,9.650,11.900,11.150,12.650,12.150,39.750,51.250,53.750
03-08-22,10.150,9.650,11.900,11.150,12.650,12.150,38.500,48.750,53.750
04-08-22,10.150,9.650,11.900,11.150,12.650,12.150,38.500,48.750,53.750
05-08-22,10.150,9.650,11.900,11.150,12.650,12.150,38.500,48.750,53.750
06-08-22,,,,,,,,,
07-08-22,,,,,,,,,
08-08-22,10.150,9.650,11.900,11.150,12.650,12.150,37.500,46.250,53.750
09-08-22,10.150,9.650,11.900,11.150,12.650,12.150,37.500,46.250,52.000
10-08-22,10.150,9.650,11.900,11.150,12.650,12.150,37.500,46.250,52.000
11-08-22,10.150,9.650,11.900,11.150,12.650,12.150,37.500,46.250,50.000
12-08-22,10.150,9.650,11.900,11.150,12.650,12.150,37.500,45.000,42.500
13-08-22,,,,,,,,,
14-08-22,,,,,,,,,
15-08-22,10.150,9.650,11.900,11.150,12.650,12.150,37.000,45.000,38.750
16-08-22,10.150,9.650,11.900,11.150,12.650,12.150,37.000,45.000,38.750
17-08-22,,,,,,,,,
18-08-22,10.150,9.650,11.900,11.150,12.650,12.150,37.000,45.000,38.750
19-08-22,10.150,9.650,11.900,11.150,12.650,12.150,37.000,45.000,38.750
20-08-22,,,,,,,,,
21-08-22,,,,,,,,,
22-08-22,10.150,9.650,11.900,11.150,12.650,12.150,35.500,45.000,35.000
23-08-22,10.150,9.650,11.900,11.150,12.650,12.150,35.500,43.750,35.000
24-08-22,10.150,9.650,11.900,11.150,12.650,12.150,35.500,43.750,35.000
25-08-22,10.150,9.650,11.900,11.150,12.650,12.150,35.500,43.750,33.750
26-08-22,10.150,9.650,11.900,11.150,12.650,12.150,35.500,43.750,33.750
27-08-22,,,,,,,,,
28-08-22,,,,,,,,,
29-08-22,10.150,9.650,11.900,11.150,12.650,12.150,35.500,42.500,38.750
30-08-22,10.150,9.650,11.900,11.150,12.650,12.150,30.500,45.000,38.750
31-08-22,10.150,9.650,11.900,11.150,12.650,12.150,30.500,45.000,38.750
01-09-22,10.150,9.650,11.900,11.150,12.650,12.150,30.500,45.000,38.750
02-09-22,10.150,9.650,11.900,11.150,12.650,12.150,30.500,45.000,41.500
03-09-22,,,,,,,,,
04-09-22,,,,,,,,,
05-09-22,10.150,9.650,11.900,11.150,12.650,12.150,30.500,46.250,49.000
06-09-22,10.150,9.650,11.900,11.150,12.650,12.150,30.500,47.500,51.250
07-09-22,10.150,9.650,11.900,11.150,12.650,12.150,30.500,47.500,51.250
08-09-22,10.150,9.650,11.900,11.150,12.650,12.150,30.500,47.500,52.500
09-09-22,10.150,9.650,11.900,11.150,12.650,12.150,30.500,47.500,52.500
10-09-22,,,,,,,,,
11-09-22,,,,,,,,,
12-09-22,10.150,9.650,11.900,11.150,12.650,12.150,30.500,46.250,53.750
13-09-22,10.400,9.900,12.000,11.400,12.650,12.250,30.500,46.250,53.750
14-09-22,10.400,9.900,12.000,11.400,12.650,12.250,30.500,46.250,53.750
15-09-22,10.400,9.900,12.000,11.400,12.650,12.250,30.500,46.250,53.750
16-09-22,10.400,9.900,12.000,11.400,12.650,12.250,30.500,45.000,58.750
17-09-22,,,,,,,,,
18-09-22,,,,,,,,,
19-09-22,10.400,9.900,12.000,11.400,12.650,12.250,30.000,46.250,65.000
20-09-22,10.400,9.900,12.000,11.400,12.650,12.250,30.000,46.250,63.750
21-09-22,10.400,9.900,12.000,11.400,12.650,12.250,30.000,46.250,62.500
22-09-22,10.400,9.900,12.000,11.400,12.650,12.250,30.000,46.250,62.500
23-09-22,10.400,9.900,12.000,11.400,12.650,12.250,30.000,45.000,62.500
24-09-22,,,,,,,,,
25-09-22,,,,,,,,,
26-09-22,10.400,9.900,12.000,11.400,12.650,12.250,30.000,45.000,57.500
27-09-22,10.400,9.900,12.000,11.400,12.650,12.250,30.000,45.000,57.500
28-09-22,10.400,9.900,12.000,11.400,12.650,12.250,30.000,45.000,57.500
29-09-22,10.400,9.900,12.000,11.400,12.650,12.250,30.000,45.000,60.000
30-09-22,10.400,9.900,12.000,11.400,12.650,12.250,30.000,45.000,60.000
01-10-22,,,,,,,,,
02-10-22,,,,,,,,,
03-10-22,10.400,9.900,12.000,11.400,12.650,12.250,29.750,38.750,55.000
04-10-22,10.400,9.900,12.000,11.400,12.650,12.250,29.750,38.750,55.000
05-10-22,10.400,9.900,12.000,11.400,12.650,12.250,29.750,38.750,55.000
06-10-22,10.400,9.900,12.000,11.400,12.650,12.250,29.750,38.750,53.750
07-10-22,10.400,9.900,12.000,11.400,12.650,12.250,29.750,38.750,53.750
08-10-22,,,,,,,,,
09-10-22,,,,,,,,,
10-10-22,10.400,9.900,12.000,11.400,12.650,12.250,29.750,33.750,50.000
11-10-22,10.400,9.900,12.000,11.400,12.650,12.250,29.000,33.750,53.750
12-10-22,10.400,9.900,12.000,11.400,12.650,12.250,29.000,33.750,50.000
13-10-22,10.400,9.900,12.000,11.400,12.650,12.250,29.000,32.500,49.250
14-10-22,10.400,9.900,12.000,11.400,12.650,12.250,29.000,32.500,46.250
15-10-22,,,,,,,,,
16-10-22,,,,,,,,,
17-10-22,10.400,9.900,12.000,11.400,12.650,12.250,29.500,26.250,40.250
18-10-22,10.400,9.900,12.000,11.400,12.650,12.250,29.000,26.250,40.250
19-10-22,10.400,9.900,12.000,11.400,12.650,12.250,29.000,26.250,40.250
20-10-22,10.400,9.900,12.000,11.400,12.650,12.250,29.000,26.250,40.250
21-10-22,10.400,9.900,12.000,11.400,12.650,12.250,29.000,26.250,40.250
22-10-22,,,,,,,,,
23-10-22,,,,,,,,,
24-10-22,10.400,9.900,12.000,11.400,12.650,12.250,29.500,26.250,36.250
25-10-22,10.400,9.900,12.000,11.400,12.650,12.250,29.500,26.250,36.250
26-10-22,10.400,9.900,12.000,11.400,12.650,12.250,29.500,26.250,38.750
27-10-22,10.400,9.900,12.000,11.400,12.650,12.250,29.500,27.500,38.750
28-10-22,10.400,9.900,12.000,11.400,12.650,12.250,29.500,26.250,37.500
29-10-22,,,,,,,,,
30-10-22,,,,,,,,,
31-10-22,10.400,9.900,12.000,11.400,12.650,12.250,31.750,25.000,36.250
01-11-22,10.400,9.900,12.000,11.400,12.650,12.250,31.750,25.000,35.000
02-11-22,10.400,9.900,12.000,11.400,12.650,12.250,31.750,25.000,35.000
03-11-22,10.400,9.900,12.000,11.400,12.650,12.250,31.750,25.000,33.750
04-11-22,10.400,9.900,12.000,11.400,12.650,12.250,31.750,26.250,33.750
05-11-22,,,,,,,,,
06-11-22,,,,,,,,,
07-11-22,10.400,9.900,12.000,11.400,12.650,12.250,29.500,28.750,32.500
08-11-22,10.400,9.900,12.000,11.400,12.650,12.250,29.500,28.750,31.750
09-11-22,10.400,9.900,12.000,11.400,12.650,12.250,29.500,28.750,31.750
10-11-22,10.400,9.900,12.000,11.400,12.650,12.250,29.500,28.750,31.750
11-11-22,10.400,9.900,12.000,11.400,12.650,12.250,29.500,30.000,31.750
12-11-22,,,,,,,,,
13-11-22,,,,,,,,,
14-11-22,10.650,10.150,12.250,11.650,13.000,12.650,30.000,32.750,30.000
15-11-22,10.650,10.150,12.250,11.650,13.000,12.650,30.000,32.750,31.250
16-11-22,10.650,10.150,12.250,11.650,13.000,12.650,30.000,32.750,31.250
17-11-22,10.650,10.150,12.250,11.650,13.000,12.650,30.000,31.500,32.500
18-11-22,10.650,10.150,12.250,11.650,13.000,12.650,30.000,31.500,32.500
19-11-22,,,,,,,,,
20-11-22,,,,,,,,,
21-11-22,10.650,10.150,12.250,11.650,13.000,12.650,30.000,31.500,33.750
22-11-22,10.650,10.150,12.250,11.650,13.000,12.650,30.000,31.500,33.750
23-11-22,10.650,10.150,12.250,11.650,13.000,12.650,30.000,31.500,33.750
24-11-22,10.650,10.150,12.250,11.650,13.000,12.650,30.000,31.500,33.750
25-11-22,10.650,10.150,12.250,11.650,13.000,12.650,30.000,31.500,33.750
26-11-22,,,,,,,,,
27-11-22,,,,,,,,,
28-11-22,10.650,10.150,12.250,11.650,13.000,12.650,30.000,33.750,33.750
29-11-22,10.650,10.150,12.250,11.650,13.000,12.650,30.000,33.750,32.500
30-11-22,10.650,10.150,12.250,11.650,13.000,12.650,30.000,33.750,36.250
01-12-22,10.650,10.150,12.250,11.650,13.000,12.650,30.000,37.500,37.500
02-12-22,10.700,10.150,12.250,11.650,13.000,12.650,30.000,43.750,42.500
03-12-22,,,,,,,,,
04-12-22,,,,,,,,,
05-12-22,10.950,10.400,12.500,11.900,13.400,12.900,30.000,46.250,41.750
06-12-22,10.950,10.400,12.500,11.900,13.400,12.900,30.750,48.750,43.250
07-12-22,10.900,10.650,12.650,12.250,13.400,12.900,30.750,48.750,47.000
08-12-22,10.900,10.650,12.650,12.250,13.400,12.900,30.750,48.750,47.000
09-12-22,11.200,10.650,12.750,12.250,13.400,12.900,30.750,53.750,47.000
10-12-22,,,,,,,,,
11-12-22,,,,,,,,,
12-12-22,11.400,10.750,12.750,12.250,13.500,13.000,31.250,60.000,47.000
13-12-22,11.400,10.750,12.750,12.250,13.500,13.000,31.250,60.000,45.750
14-12-22,11.400,10.750,12.750,12.250,13.500,13.000,31.250,60.000,45.750
15-12-22,11.400,10.750,12.750,12.250,13.500,13.000,31.250,60.000,45.750
16-12-22,11.400,10.750,12.750,12.250,13.500,13.000,31.250,60.000,45.750
17-12-22,,,,,,,,,
18-12-22,,,,,,,,,
19-12-22,11.400,10.750,12.750,12.250,13.500,13.000,31.250,57.500,39.500
20-12-22,11.400,10.750,12.750,12.250,13.500,13.000,31.250,58.750,37.000
21-12-22,11.400,10.750,12.750,12.250,13.500,13.000,31.250,58.750,37.000
22-12-22,11.400,10.750,12.750,12.250,13.500,13.000,31.250,58.750,37.000
23-12-22,11.400,10.750,12.750,12.250,13.650,13.000,31.250,60.000,38.750
24-12-22,,,,,,,,,
25-12-22,,,,,,,,,
26-12-22,11.400,10.750,12.750,12.250,13.650,13.000,30.750,60.000,43.750
27-12-22,11.400,10.750,12.750,12.250,13.650,13.000,30.750,60.000,43.750
28-12-22,11.400,10.750,12.750,12.250,13.650,13.000,30.750,57.500,43.750
29-12-22,11.400,10.750,12.750,12.250,13.650,13.000,30.750,57.500,43.750
30-12-22,11.400,10.750,12.750,12.250,13.650,13.000,30.750,57.500,47.500
31-12-22,,,,,,,,,
01-01-23,,,,,,,,,
02-01-23,11.400,10.750,12.750,12.250,13.650,13.000,31.250,57.500,56.250
03-01-23,11.400,10.750,12.750,12.250,13.650,13.000,31.250,60.000,66.250
04-01-23,11.400,10.750,12.750,12.250,13.650,13.000,31.250,61.250,67.500
05-01-23,11.400,10.750,12.750,12.250,13.650,13.000,31.250,57.500,61.250
06-01-23,11.400,10.750,12.750,12.250,13.650,13.000,31.250,56.250,58.750
07-01-23,,,,,,,,,
08-01-23,,,,,,,,,
09-01-23,11.400,10.750,12.750,12.250,13.650,13.000,31.250,57.500,60.000
10-01-23,11.400,10.750,12.750,12.250,13.650,13.000,31.250,57.500,60.000
11-01-23,11.400,10.750,12.750,12.250,13.650,13.000,31.250,57.500,58.750
12-01-23,11.400,10.750,12.750,12.250,13.650,13.000,31.250,57.500,58.750
13-01-23,11.400,10.750,12.750,12.250,13.650,13.000,31.250,57.500,56.250
14-01-23,,,,,,,,,
15-01-23,,,,,,,,,
16-01-23,11.500,11.000,13.000,12.500,13.750,13.400,36.000,56.250,52.500
17-01-23,11.500,11.000,13.000,12.500,13.750,13.400,36.500,56.250,52.500
18-01-23,11.500,11.000,13.000,12.500,13.750,13.400,36.500,56.250,50.000
19-01-23,11.500,11.000,13.000,12.500,13.750,13.400,36.500,57.500,51.250
20-01-23,11.500,11.000,13.000,12.500,13.750,13.400,36.500,56.250,51.250
21-01-23,,,,,,,,,
22-01-23,,,,,,,,,
23-01-23,11.500,11.000,13.000,12.500,13.750,13.400,36.500,56.250,51.250
24-01-23,11.500,11.000,13.000,12.500,13.750,13.400,36.750,55.000,48.750
25-01-23,11.500,11.000,13.000,12.500,13.750,13.400,36.750,55.000,51.250
26-01-23,11.500,11.000,13.000,12.500,13.750,13.400,36.750,52.500,52.500
27-01-23,11.500,11.000,13.000,12.500,13.750,13.400,38.500,53.750,52.500
28-01-23,,,,,,,,,
29-01-23,,,,,,,,,
30-01-23,11.500,11.000,13.000,12.500,13.750,13.400,41.250,50.000,51.250
31-01-23,11.500,11.000,13.000,12.500,13.750,13.400,41.500,48.750,50.000
01-02-23,11.500,11.000,13.000,12.500,13.750,13.400,41.500,48.750,48.750
02-02-23,11.500,11.000,13.000,12.500,13.750,13.400,41.500,46.250,47.500
03-02-23,11.500,11.000,13.000,12.500,13.750,13.400,41.500,46.250,47.500
04-02-23,,,,,,,,,
05-02-23,,,,,,,,,
06-02-23,11.750,11.000,13.250,12.650,14.250,13.400,42.500,47.500,57.500
07-02-23,11.900,11.000,13.400,12.900,14.250,13.400,42.500,47.500,58.750
08-02-23,11.900,11.000,13.400,12.900,14.250,13.400,42.500,47.500,58.750
09-02-23,11.900,11.000,13.400,12.900,14.250,13.400,42.500,46.250,58.750
10-02-23,11.900,11.000,13.400,12.900,14.250,13.400,42.500,46.250,58.750
11-02-23,,,,,,,,,
12-02-23,,,,,,,,,
13-02-23,11.900,11.000,13.400,12.900,14.250,13.400,41.750,56.250,60.000
14-02-23,12.150,11.250,13.650,13.150,14.650,13.650,41.750,56.250,61.250
15-02-23,12.150,11.250,13.650,13.150,14.650,13.650,41.750,55.000,61.250
16-02-23,12.150,11.250,13.650,13.150,14.650,13.650,41.750,55.000,66.250
17-02-23,12.150,11.250,13.650,13.150,14.650,13.650,41.750,55.000,67.500
18-02-23,,,,,,,,,
19-02-23,,,,,,,,,
20-02-23,12.150,11.250,13.650,13.150,14.650,13.650,41.750,55.000,63.750
21-02-23,12.150,11.250,13.650,13.150,14.650,13.650,41.750,55.000,65.000
22-02-23,12.150,11.250,13.650,13.150,14.650,13.650,41.750,57.500,63.750
23-02-23,12.150,11.250,13.650,13.150,14.650,13.650,41.750,57.500,63.750
24-02-23,12.150,11.250,13.650,13.150,14.650,13.650,41.750,56.250,65.000
25-02-23,,,,,,,,,
26-02-23,,,,,,,,,
27-02-23,12.150,11.250,13.650,13.150,14.650,13.650,35.000,56.250,62.500
28-02-23,12.150,11.250,13.650,13.150,14.650,13.650,35.000,56.250,62.500
01-03-23,12.150,11.250,13.650,13.150,14.650,13.650,35.000,56.250,61.250
02-03-23,12.150,11.250,13.650,13.150,14.650,13.650,35.000,56.250,61.250
03-03-23,12.150,11.250,13.650,13.150,14.650,13.650,35.000,56.250,66.250
04-03-23,,,,,,,,,
05-03-23,,,,,,,,,
06-03-23,12.150,11.250,13.650,13.150,14.650,13.650,40.000,56.250,66.250
07-03-23,12.150,11.250,13.650,13.150,14.650,13.650,40.000,56.250,66.250
08-03-23,12.150,11.250,13.650,13.150,14.650,13.650,40.000,53.750,65.000
09-03-23,12.150,11.250,13.650,13.150,14.650,13.650,40.000,53.750,65.000
10-03-23,12.150,11.250,13.650,13.150,14.650,13.650,40.000,55.000,70.000
11-03-23,,,,,,,,,
12-03-23,,,,,,,,,
13-03-23,12.150,11.250,13.650,13.150,14.650,13.650,38.250,52.500,72.500
14-03-23,12.150,11.250,13.650,13.150,14.650,13.650,38.250,53.750,72.500
15-03-23,12.150,11.250,13.650,13.150,14.650,13.650,37.500,53.750,72.500
16-03-23,12.150,11.250,13.650,13.150,14.650,13.650,37.500,55.000,73.750
17-03-23,12.150,11.250,13.650,13.150,14.650,13.650,37.500,55.000,73.750
18-03-23,,,,,,,,,
19-03-23,,,,,,,,,
20-03-23,12.150,11.250,13.650,13.150,14.650,13.650,36.250,56.250,83.250
21-03-23,12.150,11.250,13.650,13.150,14.650,13.650,36.250,56.250,83.250
22-03-23,12.150,11.250,13.650,13.150,14.650,13.650,36.250,56.250,83.250
23-03-23,12.150,11.250,13.650,13.150,14.650,13.650,36.250,56.250,83.250
24-03-23,12.150,11.250,13.650,13.150,14.650,13.650,36.250,53.750,76.250
25-03-23,,,,,,,,,
26-03-23,,,,,,,,,
27-03-23,12.150,11.250,13.650,13.150,14.650,13.650,31.750,56.250,71.250
28-03-23,12.150,11.250,13.650,13.150,14.650,13.650,31.750,56.250,62.500
29-03-23,12.150,11.250,13.650,13.150,14.650,13.650,31.750,53.750,57.500
30-03-23,12.150,11.250,13.650,13.150,14.650,13.650,31.750,53.750,55.000
31-03-23,12.150,11.250,13.650,13.150,14.650,13.650,31.750,55.000,58.750
01-04-23,,,,,,,,,
02-04-23,,,,,,,,,
03-04-23,12.150,11.250,13.650,13.150,14.650,13.650,31.250,51.250,52.500
04-04-23,12.150,11.250,13.650,13.150,14.650,13.650,31.250,51.250,52.500
05-04-23,12.150,11.250,13.650,13.150,14.650,13.650,31.250,51.250,52.500
06-04-23,12.150,11.250,13.650,13.150,14.650,13.650,30.750,51.250,52.500
07-04-23,12.000,11.500,14.000,13.250,14.500,13.750,31.500,55.000,65.000
08-04-23,,,,,,,,,
09-04-23,,,,,,,,,
10-04-23,12.150,11.250,13.650,13.150,14.650,13.650,31.250,44.500,37.500
11-04-23,12.150,11.250,13.650,13.150,14.650,13.650,31.250,44.500,37.500
12-04-23,12.150,11.250,13.650,13.150,14.650,13.650,31.250,44.500,37.500
13-04-23,12.150,11.250,13.650,13.150,14.650,13.650,31.250,44.500,37.500
14-04-23,12.150,11.250,13.650,13.150,14.650,13.650,31.250,45.000,38.750
15-04-23,,,,,,,,,
16-04-23,,,,,,,,,
17-04-23,12.150,11.250,13.650,13.150,14.650,13.650,32.500,45.000,33.750
18-04-23,12.150,11.250,13.650,13.150,14.650,13.650,33.500,45.000,38.750
19-04-23,12.150,11.250,13.650,13.150,14.650,13.650,33.500,45.000,38.750
20-04-23,12.150,11.250,13.650,13.150,14.650,13.650,33.500,45.000,38.750
21-04-23,12.150,11.250,13.650,13.150,14.650,13.650,33.500,45.000,38.750
22-04-23,,,,,,,,,
23-04-23,,,,,,,,,
24-04-23,12.150,11.250,13.650,13.150,14.650,13.650,33.500,45.000,38.750
25-04-23,12.150,11.250,13.650,13.150,14.650,13.650,33.500,45.000,38.750
26-04-23,12.150,11.250,13.650,13.150,14.650,13.650,32.500,45.000,33.750
27-04-23,12.150,11.250,13.650,13.150,14.650,13.650,38.000,45.000,25.000
28-04-23,12.150,11.250,13.650,13.150,14.650,13.650,38.000,45.000,23.750
29-04-23,,,,,,,,,
30-04-23,,,,,,,,,
01-05-23,12.000,11.500,14.000,13.250,14.500,13.750,38.500,45.000,27.500
02-05-23,12.150,11.250,13.650,13.150,14.650,13.650,38.000,33.750,23.750
03-05-23,12.150,11.250,13.650,13.150,14.650,13.650,38.000,33.750,23.750
04-05-23,12.150,11.250,13.650,13.150,14.650,13.650,38.000,33.750,25.000
05-05-23,12.150,11.250,13.650,13.150,14.650,13.650,38.000,33.750,25.000
06-05-23,,,,,,,,,
07-05-23,,,,,,,,,
08-05-23,12.150,11.250,13.650,13.150,14.650,13.650,39.250,33.750,31.250
09-05-23,12.150,11.250,13.650,13.150,14.650,13.650,39.250,33.750,31.250
10-05-23,12.150,11.250,13.650,13.150,14.650,13.650,39.250,31.250,32.500
11-05-23,12.150,11.250,13.650,13.150,14.650,13.650,39.250,31.250,32.500
12-05-23,12.150,11.250,13.650,13.150,14.650,13.650,39.250,31.250,32.500
13-05-23,,,,,,,,,
14-05-23,,,,,,,,,
15-05-23,12.150,11.250,13.650,13.150,14.650,13.650,39.250,33.750,32.500
16-05-23,12.150,11.250,13.650,13.150,14.650,13.650,39.250,33.750,32.500
17-05-23,12.150,11.250,13.650,13.150,14.650,13.650,39.250,33.750,32.500
18-05-23,12.150,11.250,13.650,13.150,14.650,13.650,39.250,33.750,32.500
19-05-23,12.150,11.250,13.650,13.150,14.650,13.650,39.250,33.750,32.500
20-05-23,,,,,,,,,
21-05-23,,,,,,,,,
22-05-23,12.150,11.250,13.650,13.150,14.650,13.650,39.250,35.000,38.750
23-05-23,12.150,11.250,13.650,13.150,14.650,13.650,39.250,37.500,41.250
24-05-23,12.150,11.250,13.650,13.150,14.650,13.650,39.250,37.500,40.000
25-05-23,12.150,11.250,13.650,13.150,14.650,13.650,39.250,37.500,36.250
26-05-23,12.150,11.250,13.650,13.150,14.650,13.650,39.250,37.500,36.250
27-05-23,,,,,,,,,
28-05-23,,,,,,,,,
29-05-23,12.150,11.250,13.650,13.150,14.650,13.650,39.250,37.500,37.500
30-05-23,12.150,11.250,13.650,13.150,14.650,13.650,39.250,37.500,37.500
31-05-23,12.150,11.250,13.650,13.150,14.650,13.650,39.250,37.500,37.500
01-06-23,12.150,11.250,13.650,13.150,14.650,13.650,39.250,37.500,37.500
02-06-23,12.150,11.250,13.650,13.150,14.650,13.650,39.250,37.500,37.500
03-06-23,,,,,,,,,
04-06-23,,,,,,,,,
05-06-23,12.150,11.250,13.650,13.150,14.650,13.650,39.250,41.250,40.500
06-06-23,12.150,11.250,13.650,13.150,14.650,13.650,39.250,41.250,41.750
07-06-23,12.150,11.250,13.650,13.150,14.650,13.650,39.250,40.000,41.250
08-06-23,12.150,11.250,13.650,13.150,14.650,13.650,39.250,40.000,41.250
09-06-23,12.150,11.250,13.650,13.150,14.650,13.650,39.250,40.000,38.750
10-06-23,,,,,,,,,
11-06-23,,,,,,,,,
12-06-23,12.150,11.250,13.650,13.150,14.650,13.650,39.250,38.750,37.500
13-06-23,12.150,11.250,13.650,13.150,14.650,13.650,39.250,38.750,36.250
14-06-23,12.150,11.250,13.650,13.150,14.650,13.650,39.250,38.750,37.500
15-06-23,12.150,11.250,13.650,13.150,14.650,13.650,39.250,38.750,36.250
16-06-23,12.150,11.250,13.650,13.150,14.650,13.650,39.250,38.750,36.250
17-06-23,,,,,,,,,
18-06-23,,,,,,,,,
19-06-23,12.150,11.250,13.650,13.150,14.650,13.650,39.250,36.250,30.000
20-06-23,12.150,11.250,13.650,13.150,14.650,13.650,39.250,35.000,30.000
21-06-23,12.150,11.250,13.650,13.150,14.650,13.650,39.250,35.000,30.000
22-06-23,12.150,11.250,13.650,13.150,14.650,13.650,39.250,36.250,30.000
23-06-23,12.150,11.250,13.650,13.150,14.650,13.650,39.250,36.250,30.000
24-06-23,,,,,,,,,
25-06-23,,,,,,,,,
26-06-23,12.150,11.250,13.650,13.150,14.650,13.650,39.250,36.250,32.500
27-06-23,12.150,11.250,13.650,13.150,14.650,13.650,39.250,38.750,32.500
28-06-23,12.150,11.250,13.650,13.150,14.650,13.650,39.250,38.750,32.500
29-06-23,12.150,11.250,13.650,13.150,14.650,13.650,39.250,38.750,32.500
30-06-23,12.150,11.250,13.650,13.150,14.650,13.650,39.250,38.750,32.500
01-07-23,,,,,,,,,
02-07-23,,,,,,,,,
03-07-23,12.150,11.250,13.650,13.150,14.650,13.650,37.500,41.250,28.250
04-07-23,12.150,11.250,13.650,13.150,14.650,13.650,37.500,41.250,29.000
05-07-23,12.150,11.250,13.650,13.150,14.650,13.650,37.500,41.250,29.000
06-07-23,12.150,11.250,13.650,13.150,14.650,13.650,37.500,41.250,27.000
07-07-23,12.150,11.250,13.650,13.150,14.650,13.650,37.500,41.250,23.750
08-07-23,,,,,,,,,
09-07-23,,,,,,,,,
10-07-23,12.150,11.250,13.650,13.150,14.650,13.650,34.750,40.000,23.750
11-07-23,12.150,11.250,13.650,13.150,14.650,13.650,35.500,41.250,24.750
12-07-23,12.150,11.250,13.650,13.150,14.650,13.650,35.500,38.750,24.750
13-07-23,12.150,11.250,13.650,13.150,14.650,13.650,35.500,38.750,24.750
14-07-23,12.150,11.250,13.650,13.150,14.650,13.650,35.500,38.750,24.750
15-07-23,,,,,,,,,
16-07-23,,,,,,,,,
17-07-23,12.150,11.250,13.650,13.150,14.650,13.650,33.500,37.500,24.750
18-07-23,12.150,11.250,13.650,13.150,14.650,13.650,33.500,37.500,24.750
19-07-23,12.150,11.250,13.650,13.150,14.650,13.650,33.500,37.500,24.750
20-07-23,12.150,11.250,13.650,13.150,14.650,13.650,30.500,37.500,27.000
21-07-23,12.150,11.250,13.650,13.150,14.650,13.650,30.500,37.500,27.000
22-07-23,,,,,,,,,
23-07-23,,,,,,,,,
24-07-23,12.150,11.250,13.650,13.150,14.650,13.650,30.500,37.500,27.000
25-07-23,12.150,11.250,13.500,13.150,14.650,13.650,30.500,37.500,29.250
26-07-23,12.150,11.250,13.500,13.150,14.650,13.650,30.500,37.500,29.250
27-07-23,12.150,11.250,13.500,13.150,14.650,13.650,30.500,37.500,28.250
28-07-23,12.150,11.250,13.500,13.150,14.650,13.650,30.500,37.500,28.250
29-07-23,,,,,,,,,
30-07-23,,,,,,,,,
31-07-23,12.150,11.250,13.500,13.150,14.650,13.650,30.500,37.500,30.000
01-08-23,12.150,11.250,13.500,13.150,14.650,13.650,29.500,37.500,32.000
02-08-23,12.150,11.250,13.500,13.150,14.650,13.650,29.500,37.500,31.250
03-08-23,12.150,11.250,13.500,13.150,14.650,13.650,29.500,37.500,32.500
04-08-23,12.150,11.250,13.500,13.150,14.650,13.650,29.500,37.500,32.500
05-08-23,,,,,,,,,
06-08-23,,,,,,,,,
07-08-23,12.150,11.250,13.500,13.150,14.650,13.650,28.000,37.000,37.000
08-08-23,12.150,11.250,13.500,13.150,14.650,13.650,28.000,37.000,37.000
09-08-23,12.150,11.250,13.500,13.150,14.650,13.650,28.000,35.000,37.000
10-08-23,12.150,11.250,13.500,13.150,14.650,13.650,28.000,35.000,37.000
11-08-23,12.150,11.250,13.500,13.150,14.650,13.650,28.000,32.500,37.500
12-08-23,,,,,,,,,
13-08-23,,,,,,,,,
14-08-23,12.150,11.250,13.500,13.150,14.650,13.650,27.500,33.750,37.500
15-08-23,12.150,11.250,13.500,13.150,14.650,13.650,27.500,33.750,41.250
16-08-23,12.150,11.250,13.500,13.150,14.650,13.650,27.500,33.750,42.500
17-08-23,12.150,11.250,13.500,13.150,14.650,13.650,27.500,33.750,42.500
18-08-23,12.150,11.250,13.500,13.150,14.650,13.650,27.500,33.750,42.500
19-08-23,,,,,,,,,
20-08-23,,,,,,,,,
21-08-23,12.150,11.250,13.500,13.150,14.650,13.650,27.500,33.750,42.250
22-08-23,12.400,11.500,13.750,13.400,14.900,13.900,28.250,33.750,42.250
23-08-23,12.400,11.650,13.750,13.400,15.250,14.400,28.250,32.500,40.000
24-08-23,12.400,11.650,13.750,13.400,15.250,14.400,28.250,32.500,40.000
25-08-23,12.400,11.900,14.000,13.500,15.500,14.400,28.250,32.500,38.750
26-08-23,,,,,,,,,
27-08-23,,,,,,,,,
28-08-23,12.400,11.900,13.900,13.400,15.500,14.400,28.250,32.500,37.500
29-08-23,12.400,11.900,13.900,13.400,15.500,14.400,28.250,32.500,37.500
30-08-23,12.400,11.900,13.900,13.400,15.500,14.400,28.250,32.500,37.500
31-08-23,12.400,11.900,13.900,13.400,15.500,14.400,26.750,31.250,35.500
01-09-23,12.400,11.900,13.900,13.400,15.500,14.400,26.750,31.250,35.000
02-09-23,,,,,,,,,
03-09-23,,,,,,,,,
04-09-23,12.400,11.900,13.900,13.400,15.500,14.400,26.750,31.250,34.000
05-09-23,12.400,11.900,13.900,13.400,15.500,14.400,26.250,32.500,31.500
06-09-23,12.400,11.900,14.000,13.400,15.500,14.400,26.250,32.500,31.250
07-09-23,12.400,11.900,14.000,13.400,15.500,14.400,26.250,32.500,31.250
08-09-23,12.400,11.900,14.000,13.400,15.500,14.400,26.250,32.500,31.250
09-09-23,,,,,,,,,
10-09-23,,,,,,,,,
11-09-23,12.400,11.900,14.000,13.400,15.500,14.400,25.750,32.500,30.000
12-09-23,12.400,11.900,14.000,13.400,15.500,14.400,25.750,32.500,27.500
13-09-23,12.400,11.900,14.000,13.400,15.500,14.400,25.750,32.500,27.500
14-09-23,12.500,12.000,14.150,13.500,15.500,14.650,25.750,32.500,26.250
15-09-23,12.500,12.000,14.150,13.500,15.500,14.650,25.750,32.500,26.250
16-09-23,,,,,,,,,
17-09-23,,,,,,,,,
18-09-23,12.750,12.000,14.250,13.750,15.500,14.650,25.750,33.750,27.000
19-09-23,12.750,12.000,14.250,13.750,15.500,14.650,25.750,33.750,28.250
20-09-23,12.750,12.000,14.250,13.750,15.500,14.650,25.750,33.750,27.000
21-09-23,12.750,12.000,14.250,13.750,15.500,14.650,25.750,33.750,27.000
22-09-23,12.750,12.000,14.250,13.750,15.500,14.650,25.750,32.500,27.000
23-09-23,,,,,,,,,
24-09-23,,,,,,,,,
25-09-23,12.750,12.000,14.250,13.750,15.500,14.650,25.750,35.000,30.250
26-09-23,12.750,12.000,14.250,13.750,15.500,14.650,25.750,35.000,30.750
27-09-23,12.750,12.000,14.250,13.750,15.500,14.650,25.750,36.250,30.750
28-09-23,12.750,12.000,14.250,13.750,15.500,14.650,25.750,36.250,30.750
29-09-23,12.750,12.000,14.250,13.750,15.500,14.650,25.750,36.250,30.750
30-09-23,,,,,,,,,
01-10-23,,,,,,,,,
02-10-23,12.750,12.000,14.250,13.750,15.500,14.650,26.250,36.250,35.000
03-10-23,12.750,12.000,14.250,13.750,15.500,14.650,26.250,35.750,34.500
04-10-23,12.750,12.000,14.250,13.750,15.500,14.650,26.250,35.750,34.500
05-10-23,12.750,12.000,14.250,13.750,15.500,14.650,26.250,36.250,34.500
06-10-23,12.750,12.000,14.250,13.750,15.500,14.650,26.250,36.250,34.500
07-10-23,,,,,,,,,
08-10-23,,,,,,,,,
09-10-23,12.750,12.000,14.250,13.750,15.500,14.650,26.250,36.250,36.750
10-10-23,12.750,12.000,14.250,13.750,15.500,14.650,26.250,36.250,40.500
11-10-23,12.750,12.000,14.250,13.750,15.500,14.650,26.250,37.500,42.000
12-10-23,12.750,12.000,14.250,13.750,15.500,14.650,26.250,37.500,43.250
13-10-23,12.750,12.000,14.250,13.750,15.500,14.650,26.250,40.000,43.250
14-10-23,,,,,,,,,
15-10-23,,,,,,,,,
16-10-23,12.750,12.000,14.250,13.750,15.500,14.650,26.250,40.000,44.500
17-10-23,12.750,12.000,14.250,13.750,15.500,14.650,26.250,40.000,47.500
18-10-23,12.750,12.000,14.250,13.750,15.500,14.650,26.250,40.000,47.500
19-10-23,12.750,12.000,14.250,13.750,15.500,14.650,26.250,40.000,48.000
20-10-23,12.750,12.000,14.250,13.750,15.500,14.650,26.250,43.750,50.500
21-10-23,,,,,,,,,
22-10-23,,,,,,,,,
23-10-23,12.750,12.000,14.250,13.750,15.500,14.650,26.250,48.750,55.000
24-10-23,12.750,12.000,14.250,13.750,15.500,14.650,26.250,46.250,68.250
25-10-23,12.750,12.000,14.250,13.750,15.500,14.650,26.250,46.250,68.250
26-10-23,12.750,12.000,14.250,13.750,15.500,14.650,26.250,46.250,66.250
27-10-23,12.750,12.000,14.250,13.750,15.500,14.650,26.250,46.250,68.250
28-10-23,,,,,,,,,
29-10-23,,,,,,,,,
30-10-23,12.750,12.000,14.250,13.750,15.500,14.650,27.500,55.000,75.000
31-10-23,12.750,12.000,14.250,13.750,15.500,14.650,27.500,55.000,75.000
01-11-23,12.750,12.000,14.250,13.750,15.500,14.650,27.500,55.000,75.750
02-11-23,12.750,12.000,14.250,13.750,15.500,14.650,27.500,55.000,75.750
03-11-23,12.750,12.000,14.250,13.750,15.500,14.650,27.500,60.000,75.750
04-11-23,,,,,,,,,
05-11-23,,,,,,,,,
06-11-23,12.750,12.000,14.250,13.750,15.500,14.650,29.250,63.750,80.000
07-11-23,12.750,12.000,14.250,13.750,15.500,14.650,29.250,63.750,80.000
08-11-23,12.750,12.000,14.250,13.750,15.500,14.650,29.250,63.750,71.250
09-11-23,12.750,12.000,14.250,13.750,15.500,14.650,29.250,65.000,72.500
10-11-23,12.750,12.000,14.250,13.750,15.500,14.650,29.250,65.000,72.500
11-11-23,,,,,,,,,
12-11-23,,,,,,,,,
13-11-23,12.750,12.000,14.250,13.750,15.500,14.650,30.000,65.000,73.750
14-11-23,13.000,12.500,14.500,13.900,15.500,14.650,30.000,65.000,73.750
15-11-23,13.000,12.500,14.500,13.900,15.500,14.650,30.000,65.000,73.750
16-11-23,13.000,12.500,14.500,13.900,15.500,14.650,30.000,63.750,73.750
17-11-23,13.000,12.500,14.500,13.900,15.500,14.650,30.000,63.750,75.000
18-11-23,,,,,,,,,
19-11-23,,,,,,,,,
20-11-23,13.000,12.500,14.500,13.900,15.500,14.650,30.000,62.500,81.250
21-11-23,13.000,12.500,14.500,13.900,15.500,14.650,30.000,62.500,81.250
22-11-23,13.000,12.500,14.500,13.900,15.500,14.650,30.000,62.500,81.250
23-11-23,13.000,12.500,14.500,13.900,15.500,14.650,30.000,63.750,82.500
24-11-23,13.000,12.500,14.500,13.900,15.500,14.650,30.000,63.750,77.500
25-11-23,,,,,,,,,
26-11-23,,,,,,,,,
27-11-23,13.000,12.500,14.500,13.900,15.500,14.650,30.000,63.750,81.250
28-11-23,13.000,12.500,14.500,13.900,15.500,14.650,30.000,63.750,81.250
29-11-23,13.000,12.500,14.500,13.900,15.500,14.650,30.000,60.000,81.250
30-11-23,13.000,12.500,14.500,13.900,15.500,14.650,30.000,60.000,82.500
01-12-23,13.000,12.500,14.500,13.900,15.500,14.650,30.000,57.500,78.750
02-12-23,,,,,,,,,
03-12-23,,,,,,,,,
04-12-23,13.000,12.500,14.500,13.900,15.500,14.650,30.750,57.500,81.250
05-12-23,13.000,12.500,14.500,13.900,15.500,14.650,30.750,56.250,81.250
06-12-23,13.000,12.500,14.500,13.900,15.500,14.650,30.750,56.250,81.250
07-12-23,13.000,12.500,14.500,13.900,15.500,14.650,30.750,56.250,85.000
08-12-23,13.000,12.500,14.500,13.900,15.500,14.650,30.750,56.250,85.000
09-12-23,,,,,,,,,
10-12-23,,,,,,,,,
11-12-23,13.000,12.500,14.500,13.900,15.500,14.650,31.250,56.250,90.000
12-12-23,13.000,12.500,14.500,13.900,15.500,14.650,31.250,55.000,90.000
13-12-23,13.000,12.500,14.500,13.900,15.500,14.650,31.250,55.000,90.000
14-12-23,13.000,12.500,14.500,13.900,15.500,14.650,31.250,55.000,86.250
15-12-23,13.000,12.500,14.500,13.900,15.500,14.650,31.250,55.000,82.500
16-12-23,,,,,,,,,
17-12-23,,,,,,,,,
18-12-23,13.000,12.500,14.500,13.900,15.500,14.650,31.750,51.250,73.750
19-12-23,13.000,12.500,14.500,13.900,15.500,14.650,31.750,51.250,72.500
20-12-23,13.000,12.500,14.500,13.900,15.500,14.650,31.750,51.250,72.500
21-12-23,13.000,12.500,14.500,13.900,15.500,14.650,31.750,48.750,71.250
22-12-23,13.000,12.500,14.500,13.900,15.500,14.650,31.750,48.750,71.250
23-12-23,,,,,,,,,
24-12-23,,,,,,,,,
25-12-23,,,,,,,,,
26-12-23,,,,,,,,,
27-12-23,13.000,12.500,14.500,13.900,15.500,14.650,34.750,48.750,71.250
28-12-23,13.000,12.500,14.500,13.900,15.500,14.650,34.750,50.000,73.750
29-12-23,13.000,12.500,14.500,13.900,15.500,14.650,39.750,50.000,75.000
30-12-23,,,,,,,,,
31-12-23,,,,,,,,,
01-01-24,13.000,12.500,14.500,13.900,15.500,14.650,39.750,50.000,75.000
02-01-24,13.000,12.500,14.500,13.900,15.500,14.650,40.000,52.500,76.250
03-01-24,13.000,12.500,14.500,13.900,15.500,14.650,40.000,51.250,76.250
04-01-24,13.000,12.500,14.500,13.900,15.500,14.650,40.000,43.750,71.250
05-01-24,13.000,12.500,14.500,13.900,15.500,14.650,40.000,43.750,71.250
06-01-24,,,,,,,,,
07-01-24,,,,,,,,,
08-01-24,13.000,12.500,14.500,13.900,15.500,14.650,40.000,41.250,62.500
09-01-24,13.000,12.500,14.500,13.900,15.500,14.650,40.000,40.000,57.500
10-01-24,13.000,12.500,14.500,13.900,15.500,14.650,40.000,40.000,57.500
11-01-24,13.000,12.500,14.500,13.900,15.500,14.650,40.000,40.000,50.000
12-01-24,13.000,12.500,14.500,13.900,15.500,14.650,40.000,37.500,42.500
13-01-24,,,,,,,,,
14-01-24,,,,,,,,,
15-01-24,13.000,12.500,14.500,13.900,15.500,14.650,38.750,37.500,40.000
16-01-24,13.000,12.500,14.500,13.900,15.500,14.650,36.250,37.500,42.500
17-01-24,13.000,12.500,14.500,13.900,15.500,14.650,35.000,37.500,42.500
18-01-24,13.000,12.500,14.500,13.900,15.500,14.650,35.000,37.500,42.500
19-01-24,13.000,12.500,14.500,13.900,15.500,14.650,35.000,37.500,38.750
20-01-24,,,,,,,,,
21-01-24,,,,,,,,,
22-01-24,13.250,12.650,14.650,14.150,15.500,14.900,34.500,37.500,36.250
23-01-24,13.250,12.650,14.750,14.150,15.500,14.900,34.500,38.750,35.000
24-01-24,13.250,12.650,14.750,14.150,15.500,14.900,34.500,42.500,37.500
25-01-24,13.250,12.650,14.750,14.150,15.500,14.900,34.500,42.500,37.500
26-01-24,13.250,12.650,14.750,14.150,15.500,14.900,34.500,42.500,37.500
27-01-24,,,,,,,,,
28-01-24,,,,,,,,,
29-01-24,13.250,12.650,14.750,14.150,15.500,14.900,34.500,40.000,35.000
30-01-24,13.250,12.650,14.750,14.150,15.500,14.900,34.500,40.000,35.000
31-01-24,13.250,12.650,14.750,14.150,15.500,14.900,32.500,40.000,35.000
01-02-24,13.250,12.650,14.750,14.150,15.500,14.900,32.500,41.250,35.000
02-02-24,13.250,12.650,14.750,14.150,15.500,14.900,32.500,42.000,35.000
03-02-24,,,,,,,,,
04-02-24,,,,,,,,,
05-02-24,13.750,13.150,15.650,14.900,16.400,15.900,32.500,42.500,36.250
06-02-24,14.000,13.150,15.750,15.150,16.500,15.900,32.500,43.750,36.250
07-02-24,14.000,13.150,15.750,15.150,16.500,15.900,32.500,43.750,37.500
08-02-24,14.000,13.150,15.750,15.150,16.500,15.900,32.500,43.750,37.500
09-02-24,14.000,13.150,15.750,15.150,16.500,15.900,32.500,43.750,37.500
10-02-24,,,,,,,,,
11-02-24,,,,,,,,,
12-02-24,14.250,13.400,16.000,15.400,16.900,16.400,33.000,45.000,47.500
13-02-24,14.250,13.400,16.000,15.400,16.900,16.400,33.000,45.000,47.500
14-02-24,14.250,13.400,16.000,15.400,16.900,16.400,33.000,45.000,47.500
15-02-24,14.250,13.400,16.000,15.400,16.900,16.400,33.000,45.000,52.500
16-02-24,14.250,13.400,16.000,15.400,16.900,16.400,33.000,45.000,53.750
17-02-24,,,,,,,,,
18-02-24,,,,,,,,,
19-02-24,14.250,13.400,16.000,15.400,16.900,16.400,33.250,47.500,63.750
20-02-24,14.250,13.400,16.000,15.400,16.900,16.400,33.250,47.500,66.250
21-02-24,14.250,13.400,16.000,15.400,16.900,16.400,33.250,47.500,76.250
22-02-24,14.250,13.400,16.000,15.400,16.900,16.400,33.250,47.500,77.500
23-02-24,14.250,13.400,16.000,15.400,16.900,16.400,33.250,47.500,77.500
24-02-24,,,,,,,,,
25-02-24,,,,,,,,,
26-02-24,14.250,13.400,16.000,15.400,16.900,16.400,33.250,43.750,75.750
27-02-24,14.250,13.400,16.000,15.400,16.900,16.400,33.250,43.750,75.750
28-02-24,14.250,13.400,16.000,15.400,16.900,16.400,33.250,43.750,74.500
29-02-24,14.250,13.400,16.000,15.400,16.900,16.400,33.250,43.750,74.500
01-03-24,14.250,13.400,16.000,15.400,16.900,16.400,33.250,42.500,68.750
02-03-24,,,,,,,,,
03-03-24,,,,,,,,,
04-03-24,14.250,13.400,16.000,15.400,16.900,16.400,34.500,42.500,61.250
05-03-24,14.250,13.400,16.000,15.400,16.900,16.400,34.500,41.250,61.250
06-03-24,14.250,13.400,16.000,15.400,16.900,16.400,34.500,41.250,61.250
07-03-24,14.250,13.400,16.000,15.400,16.900,16.400,34.500,41.250,61.250
08-03-24,14.250,13.400,16.000,15.400,16.900,16.400,34.500,41.250,61.250
09-03-24,,,,,,,,,
10-03-24,,,,,,,,,
11-03-24,14.250,13.400,16.000,15.400,16.900,16.400,34.500,41.250,61.250
12-03-24,14.250,13.400,16.000,15.400,16.900,16.400,34.500,41.250,61.250
13-03-24,14.250,13.400,16.000,15.400,16.900,16.400,34.500,41.250,63.750
14-03-24,14.250,13.400,16.000,15.400,16.900,16.400,34.500,41.250,62.500
15-03-24,14.250,13.400,16.000,15.400,16.900,16.400,34.500,41.250,62.500
16-03-24,,,,,,,,,
17-03-24,,,,,,,,,
18-03-24,14.000,13.150,15.750,15.150,16.650,16.150,34.500,46.250,50.000
19-03-24,14.000,13.150,15.750,15.150,16.650,16.150,34.500,46.250,47.500
20-03-24,14.000,13.150,15.750,15.150,16.650,16.150,34.500,42.500,45.000
21-03-24,14.000,13.150,15.750,15.150,16.650,16.150,34.500,42.500,45.000
22-03-24,14.000,13.150,15.750,15.150,16.650,16.150,34.500,41.250,38.750
23-03-24,,,,,,,,,
24-03-24,,,,,,,,,
25-03-24,14.000,13.150,15.750,15.150,16.650,16.150,34.500,41.250,36.250
26-03-24,14.000,13.150,15.750,15.150,16.650,16.150,34.500,42.500,35.000
27-03-24,14.000,13.150,15.750,15.150,16.650,16.150,34.500,42.500,35.000
28-03-24,14.000,13.150,15.750,15.150,16.650,16.150,34.500,42.500,35.000
29-03-24,14.000,13.150,15.750,15.150,16.650,16.150,34.500,42.500,35.000
30-03-24,,,,,,,,,
31-03-24,,,,,,,,,
01-04-24,14.000,13.150,15.750,15.150,16.650,16.150,36.000,40.000,36.250
02-04-24,14.000,13.150,15.750,15.150,16.650,16.150,36.000,41.250,37.500
03-04-24,14.000,13.150,15.750,15.150,16.650,16.150,36.000,41.250,37.500
04-04-24,14.000,13.150,15.750,15.150,16.650,16.150,36.000,42.500,37.500
05-04-24,14.000,13.150,15.750,15.150,16.650,16.150,36.000,42.500,37.500
06-04-24,,,,,,,,,
07-04-24,,,,,,,,,
08-04-24,14.000,13.150,15.750,15.150,16.650,16.150,36.000,42.500,37.500
09-04-24,14.000,13.150,15.750,15.150,16.650,16.150,36.000,42.500,37.500
10-04-24,14.000,13.150,15.750,15.150,16.650,16.150,36.000,42.500,37.500
11-04-24,14.000,13.150,15.750,15.150,16.650,16.150,36.000,42.500,37.500
12-04-24,14.000,13.150,15.750,15.150,16.650,16.150,36.000,42.500,37.500
13-04-24,,,,,,,,,
14-04-24,,,,,,,,,
15-04-24,14.000,13.150,15.750,15.150,16.650,16.150,36.000,42.500,37.500
16-04-24,14.000,13.150,15.750,15.150,16.650,16.150,46.000,41.250,36.250
17-04-24,14.000,13.150,15.750,15.150,16.650,16.150,57.500,38.750,33.000
18-04-24,14.000,13.150,15.750,15.150,16.650,16.150,57.500,38.750,33.000
19-04-24,14.000,13.150,15.750,15.150,16.650,16.150,57.500,37.500,32.500
20-04-24,,,,,,,,,
21-04-24,,,,,,,,,
22-04-24,14.000,13.150,15.750,15.150,16.650,16.150,57.500,37.500,33.750
23-04-24,14.000,13.150,15.750,15.150,16.650,16.150,57.500,37.500,36.250
24-04-24,14.000,13.150,15.750,15.150,16.650,16.150,57.500,37.500,36.250
25-04-24,14.000,13.150,15.750,15.150,16.650,16.150,57.500,36.250,35.000
26-04-24,14.000,13.150,15.750,15.150,16.650,16.150,57.500,36.250,35.000
27-04-24,,,,,,,,,
28-04-24,,,,,,,,,
29-04-24,14.000,13.150,15.750,15.150,16.650,16.150,53.750,37.500,35.000
30-04-24,14.000,13.150,15.750,15.150,16.650,16.150,53.750,37.500,40.000
01-05-24,14.000,13.150,15.750,15.150,16.650,16.150,53.750,37.500,40.000
02-05-24,14.000,13.150,15.750,15.150,16.650,16.150,53.750,35.000,32.500
03-05-24,14.000,13.150,15.750,15.150,16.650,16.150,53.750,35.000,32.500
04-05-24,,,,,,,,,
05-05-24,,,,,,,,,
06-05-24,14.000,13.150,15.750,15.150,16.650,16.150,48.750,35.000,30.000
07-05-24,14.000,13.150,15.750,15.150,16.650,16.150,48.750,35.000,30.000
08-05-24,14.000,13.150,15.750,15.150,16.650,16.150,48.750,35.000,31.250
09-05-24,14.000,13.150,15.750,15.150,16.650,16.150,48.750,35.000,31.250
10-05-24,14.000,13.150,15.750,15.150,16.650,16.150,46.250,35.000,28.750
11-05-24,,,,,,,,,
12-05-24,,,,,,,,,
13-05-24,14.000,13.150,15.750,15.150,16.650,16.150,46.250,37.500,27.500
14-05-24,14.000,13.150,15.750,15.150,16.650,16.150,46.250,37.500,27.500
15-05-24,14.000,13.150,15.750,15.150,16.650,16.150,46.250,38.750,30.000
16-05-24,14.000,13.150,15.750,15.150,16.650,16.150,46.250,38.750,30.000
17-05-24,14.000,13.150,15.750,15.150,16.650,16.150,46.250,38.750,30.000
18-05-24,,,,,,,,,
19-05-24,,,,,,,,,
20-05-24,14.000,13.150,15.750,15.150,16.650,16.150,46.250,37.500,32.500
21-05-24,14.000,13.150,15.750,15.150,16.650,16.150,46.250,42.500,33.750
22-05-24,13.750,12.650,15.250,14.650,16.150,15.650,46.250,42.500,35.000
23-05-24,13.750,12.650,15.250,14.650,16.150,15.650,46.250,42.500,35.000
24-05-24,13.750,12.650,15.250,14.650,16.150,15.650,46.250,42.500,35.000
25-05-24,,,,,,,,,
26-05-24,,,,,,,,,
27-05-24,13.250,12.250,14.750,14.000,16.150,15.250,46.250,40.000,32.500
28-05-24,13.250,12.250,14.750,14.000,16.150,15.250,46.250,40.000,32.500
29-05-24,13.250,12.250,14.750,14.000,16.150,15.250,46.250,42.500,33.750
30-05-24,13.250,12.250,14.750,14.000,16.150,15.250,46.250,42.500,35.000
31-05-24,13.250,12.250,14.750,14.000,16.150,15.250,46.250,42.500,35.000
01-06-24,,,,,,,,,
02-06-24,,,,,,,,,
03-06-24,13.250,12.250,14.750,14.000,16.150,15.250,46.250,41.250,35.000
04-06-24,13.250,12.250,14.750,14.000,16.150,15.250,46.250,41.250,35.000
05-06-24,13.250,12.250,14.750,14.000,16.150,15.250,46.250,41.250,35.000
06-06-24,13.250,12.250,14.750,14.000,16.150,15.250,46.250,41.250,35.000
07-06-24,13.250,12.250,14.750,14.000,16.150,15.250,46.250,41.250,35.000
08-06-24,,,,,,,,,
09-06-24,,,,,,,,,
10-06-24,13.150,12.250,14.750,14.000,16.150,15.250,46.250,41.250,37.500
11-06-24,13.150,12.250,14.750,14.000,16.150,15.250,46.250,41.250,37.500
12-06-24,13.150,12.250,14.750,14.000,16.150,15.250,43.750,43.750,37.500
13-06-24,13.150,12.250,14.750,14.000,16.150,15.250,43.750,43.750,37.500
14-06-24,13.150,12.250,14.750,14.000,16.150,15.250,43.750,43.750,37.500
15-06-24,,,,,,,,,
16-06-24,,,,,,,,,
17-06-24,13.150,12.250,14.750,14.000,16.150,15.250,43.750,43.750,37.500
18-06-24,13.150,12.250,14.750,14.000,16.150,15.250,43.750,43.750,37.500
19-06-24,13.150,12.250,14.750,14.000,16.150,15.250,41.250,48.750,35.000
20-06-24,13.150,12.250,14.750,14.000,16.150,15.250,41.250,52.500,31.250
21-06-24,13.150,12.250,14.750,14.000,16.150,15.250,41.250,52.500,31.250
22-06-24,,,,,,,,,
23-06-24,,,,,,,,,
24-06-24,13.150,12.250,14.750,14.000,16.150,15.250,39.500,52.500,30.000
25-06-24,13.150,12.250,14.750,14.000,16.150,15.250,39.500,52.500,30.000
26-06-24,13.150,12.250,14.750,14.000,16.150,15.250,39.500,52.500,30.000
27-06-24,13.150,12.250,14.750,14.000,16.150,15.250,39.500,52.500,30.000
28-06-24,13.150,12.250,14.750,14.000,16.150,15.250,39.500,51.250,30.000
29-06-24,,,,,,,,,
30-06-24,,,,,,,,,
01-07-24,13.150,12.250,14.750,14.000,16.150,15.250,35.750,51.250,30.000
02-07-24,13.150,12.250,14.750,14.000,16.150,15.250,35.750,51.250,32.500
03-07-24,13.150,12.250,14.750,14.000,16.150,15.250,35.750,51.250,32.500
04-07-24,13.150,12.250,14.750,14.000,16.150,15.250,35.750,48.750,32.500
05-07-24,13.150,12.250,14.750,14.000,16.150,15.250,35.000,48.750,36.250
06-07-24,,,,,,,,,
07-07-24,,,,,,,,,
08-07-24,13.150,12.250,14.750,14.000,16.150,15.250,35.000,47.500,38.750
09-07-24,13.150,12.250,14.750,14.000,16.150,15.250,35.000,47.500,40.000
10-07-24,13.150,12.250,14.750,14.000,16.150,15.250,35.000,47.500,40.000
11-07-24,13.150,12.250,14.750,14.000,16.150,15.250,34.500,47.500,43.750
12-07-24,13.150,12.250,14.750,14.000,16.150,15.250,34.500,47.500,46.250
13-07-24,,,,,,,,,
14-07-24,,,,,,,,,
15-07-24,13.150,12.250,14.750,14.000,16.150,15.250,32.500,48.750,52.500
16-07-24,13.150,12.250,14.750,14.000,16.150,15.250,31.250,51.250,53.750
17-07-24,13.150,12.250,14.750,14.000,16.150,15.250,28.500,51.250,57.500
18-07-24,13.150,12.250,14.750,14.000,16.150,15.250,28.500,51.250,58.750
19-07-24,13.150,12.250,14.750,14.000,16.150,15.250,27.750,51.250,61.250
20-07-24,,,,,,,,,
21-07-24,,,,,,,,,
22-07-24,13.150,12.250,14.750,14.000,16.150,15.250,25.250,53.750,66.250
23-07-24,13.150,12.250,14.750,14.000,16.150,15.250,25.250,53.750,70.000
24-07-24,13.150,12.250,14.750,14.000,16.150,15.250,25.250,53.750,72.500
25-07-24,13.150,12.250,14.750,14.000,16.150,15.250,25.250,53.750,72.500
26-07-24,13.150,12.250,14.750,14.000,16.150,15.250,25.250,51.250,66.250
27-07-24,,,,,,,,,
28-07-24,,,,,,,,,
29-07-24,13.150,12.250,14.750,14.000,16.150,15.250,25.250,55.000,71.250
30-07-24,13.150,12.250,14.750,14.000,16.150,15.250,25.250,55.000,71.250
31-07-24,13.150,12.250,14.750,14.000,16.150,15.250,25.250,55.000,68.750
01-08-24,13.150,12.250,14.750,14.000,16.150,15.250,25.250,55.000,68.750
02-08-24,13.150,12.250,14.750,14.000,16.150,15.250,25.250,55.000,68.750
03-08-24,,,,,,,,,
04-08-24,,,,,,,,,
05-08-24,13.150,12.250,14.750,14.000,16.150,15.250,25.250,51.250,65.000
06-08-24,13.150,12.250,14.750,14.000,16.150,15.250,25.250,47.500,65.000
07-08-24,13.150,12.250,14.750,14.000,16.150,15.250,25.250,47.500,65.000
08-08-24,13.150,12.250,14.750,14.000,16.150,15.250,25.250,47.500,65.000
09-08-24,13.150,12.250,14.750,14.000,16.150,15.250,25.250,42.500,61.250
10-08-24,,,,,,,,,
11-08-24,,,,,,,,,
12-08-24,13.150,12.250,14.750,14.000,16.150,15.250,24.500,42.500,57.500
13-08-24,13.150,12.250,14.750,14.000,16.150,15.250,24.500,42.500,57.500
14-08-24,13.150,12.250,14.750,14.000,16.150,15.250,24.500,42.500,57.500
15-08-24,13.150,12.250,14.750,14.000,16.150,15.250,24.500,40.000,56.250
16-08-24,13.150,12.250,14.750,14.000,16.150,15.250,24.500,40.000,50.250
17-08-24,,,,,,,,,
18-08-24,,,,,,,,,
19-08-24,13.150,12.250,14.750,14.000,16.150,15.250,24.500,40.000,51.250
20-08-24,13.150,12.250,14.750,14.000,16.150,15.250,24.500,40.000,48.750
21-08-24,13.150,12.250,14.750,14.000,16.150,15.250,24.500,40.000,45.000
22-08-24,13.150,12.250,14.750,14.000,16.150,15.250,24.500,40.000,43.750
23-08-24,13.150,12.250,14.750,14.000,16.150,15.250,24.500,40.000,41.250
24-08-24,,,,,,,,,
25-08-24,,,,,,,,,
26-08-24,13.150,12.250,14.750,14.000,16.150,15.250,24.500,40.000,36.250
27-08-24,13.150,12.250,14.750,14.000,16.150,15.250,24.500,40.000,36.250
28-08-24,13.150,12.250,14.750,14.000,16.150,15.250,24.500,40.000,36.250
29-08-24,13.150,12.250,14.750,14.000,16.150,15.250,24.500,37.500,33.750
30-08-24,13.150,12.250,14.750,14.000,16.150,15.250,24.500,37.500,32.500
31-08-24,,,,,,,,,
01-09-24,,,,,,,,,
02-09-24,13.150,12.250,14.750,14.000,16.150,15.250,24.500,36.250,30.000
03-09-24,13.150,12.250,14.750,14.000,16.150,15.250,24.500,35.000,28.750
04-09-24,13.150,12.250,14.750,14.000,16.150,15.250,24.500,36.250,28.750
05-09-24,13.150,12.250,14.750,14.000,16.150,15.250,24.500,36.250,28.750
06-09-24,13.150,12.250,14.750,14.000,16.150,15.250,24.500,36.250,30.000
07-09-24,,,,,,,,,
08-09-24,,,,,,,,,
09-09-24,13.150,12.250,14.750,14.000,16.150,15.250,24.500,36.250,32.500
10-09-24,13.150,12.250,14.750,14.000,16.150,15.250,24.500,36.250,32.500
11-09-24,13.150,12.250,14.750,14.000,16.150,15.250,24.500,32.500,31.250
12-09-24,13.150,12.250,14.750,14.000,16.150,15.250,24.500,32.500,31.250
13-09-24,13.150,12.250,14.750,14.000,16.150,15.250,24.500,31.250,31.250
14-09-24,,,,,,,,,
15-09-24,,,,,,,,,
16-09-24,,,,,,,,,
17-09-24,13.150,12.250,14.750,14.000,16.150,15.250,24.500,31.250,35.750
18-09-24,13.150,12.250,14.750,14.000,16.150,15.250,24.500,31.250,37.000
19-09-24,13.150,12.250,14.750,14.000,16.150,15.250,24.500,31.250,37.000
20-09-24,13.150,12.250,14.750,14.000,16.150,15.250,24.500,31.250,37.000
21-09-24,,,,,,,,,
22-09-24,,,,,,,,,
23-09-24,13.150,12.250,14.750,14.000,16.150,15.250,24.500,31.250,33.750
24-09-24,13.150,12.250,14.750,14.000,16.150,15.250,24.500,31.250,33.750
25-09-24,13.150,12.250,14.750,14.000,16.150,15.250,24.500,30.000,33.750
26-09-24,13.150,12.250,14.750,14.000,16.150,15.250,24.500,30.000,33.750
27-09-24,13.150,12.250,14.750,14.000,16.150,15.250,24.500,30.000,33.750
28-09-24,,,,,,,,,
29-09-24,,,,,,,,,
30-09-24,13.150,12.250,14.750,14.000,16.150,15.250,24.500,30.000,33.750
01-10-24,13.150,12.250,14.750,14.000,16.150,15.250,24.500,27.500,32.500
02-10-24,13.150,12.250,14.750,14.000,16.150,15.250,24.500,27.500,32.500
03-10-24,13.150,12.250,14.750,14.000,16.150,15.250,24.500,27.500,32.500
04-10-24,13.150,12.250,14.750,14.000,16.150,15.250,24.500,27.500,32.500
05-10-24,,,,,,,,,
06-10-24,,,,,,,,,
07-10-24,13.150,12.250,14.750,14.000,16.150,15.250,24.500,30.000,35.000
08-10-24,13.150,12.250,14.750,14.000,16.150,15.250,24.500,30.000,35.000
09-10-24,13.150,12.250,14.750,14.000,16.150,15.250,24.500,30.000,35.000
10-10-24,13.150,12.250,14.750,14.000,16.150,15.250,24.500,30.000,35.000
11-10-24,13.150,12.250,14.750,14.000,16.150,15.250,24.500,30.000,37.500
12-10-24,,,,,,,,,
13-10-24,,,,,,,,,
14-10-24,13.150,12.250,14.750,14.000,16.150,15.250,25.250,30.000,45.000
15-10-24,13.150,12.250,14.750,14.000,16.150,15.250,25.250,30.000,45.000
16-10-24,13.150,12.250,14.750,14.000,16.150,15.250,25.250,27.500,45.000
17-10-24,13.150,12.250,14.750,14.000,16.150,15.250,25.250,27.500,45.000
18-10-24,13.150,12.250,14.750,14.000,16.150,15.250,25.250,27.500,43.750
19-10-24,,,,,,,,,
20-10-24,,,,,,,,,
21-10-24,13.150,12.250,14.750,14.000,16.150,15.250,25.750,27.500,45.000
22-10-24,13.150,12.250,14.750,14.000,16.150,15.250,25.750,27.500,45.000
23-10-24,13.150,12.250,14.750,14.000,16.150,15.250,25.750,27.500,45.000
24-10-24,13.150,12.250,14.750,14.000,16.150,15.250,25.750,27.500,45.000
25-10-24,13.150,12.250,14.750,14.000,16.150,15.250,25.750,27.500,42.500
26-10-24,,,,,,,,,
27-10-24,,,,,,,,,
28-10-24,13.150,12.250,14.750,14.000,16.150,15.250,27.000,27.500,37.500
29-10-24,13.150,12.250,14.750,14.000,16.150,15.250,27.000,27.500,35.500
30-10-24,13.150,12.250,14.750,14.000,16.150,15.250,27.000,27.500,33.750
31-10-24,13.150,12.250,14.750,14.000,16.150,15.250,27.000,27.500,33.750
01-11-24,13.150,12.250,14.750,14.000,16.150,15.250,27.000,27.500,33.750
02-11-24,,,,,,,,,
03-11-24,,,,,,,,,
04-11-24,13.150,12.250,14.750,14.000,16.150,15.250,33.500,27.500,30.500
05-11-24,13.150,12.250,14.750,14.000,16.150,15.250,33.500,27.500,30.500
06-11-24,13.150,12.250,14.750,14.000,16.150,15.250,33.500,27.500,30.500
07-11-24,13.150,12.250,14.750,14.000,16.150,15.250,33.500,27.500,30.500
08-11-24,13.150,12.250,14.750,14.000,16.150,15.250,33.500,27.500,32.500
09-11-24,,,,,,,,,
10-11-24,,,,,,,,,
11-11-24,13.150,12.250,14.750,14.000,16.150,15.250,33.500,27.500,32.500
12-11-24,13.000,12.150,14.650,13.900,16.000,15.150,38.500,27.500,37.500
13-11-24,13.000,12.150,14.650,13.900,16.000,15.150,38.500,27.500,37.500
14-11-24,13.000,12.150,14.650,13.900,16.000,15.150,38.500,26.250,37.500
15-11-24,13.000,12.150,14.650,13.900,16.000,15.150,38.500,26.250,36.250
16-11-24,,,,,,,,,
17-11-24,,,,,,,,,
18-11-24,13.000,12.150,14.650,13.900,16.000,15.150,39.250,25.000,35.500
19-11-24,13.000,12.150,14.650,13.900,16.000,15.150,39.250,25.000,34.250
20-11-24,13.000,12.150,14.650,13.900,16.000,15.150,39.250,25.000,34.250
21-11-24,13.000,12.150,14.650,13.900,16.000,15.150,39.250,25.000,34.250
22-11-24,13.000,12.150,14.650,13.900,16.000,15.150,39.250,25.000,32.500
23-11-24,,,,,,,,,
24-11-24,,,,,,,,,
25-11-24,13.000,12.150,14.650,13.900,16.000,15.150,39.250,25.000,31.250
26-11-24,13.000,12.150,14.650,13.900,16.000,15.150,39.250,25.000,31.250
27-11-24,13.000,12.150,14.650,13.900,16.000,15.150,39.250,25.000,31.250
28-11-24,13.000,12.150,14.650,13.900,16.000,15.150,39.250,27.500,26.250
29-11-24,13.000,12.150,14.650,13.900,16.000,15.150,38.750,27.500,26.250
30-11-24,,,,,,,,,
01-12-24,,,,,,,,,
02-12-24,13.000,12.150,14.650,13.900,16.000,15.150,38.750,33.750,30.000
03-12-24,13.000,12.150,14.650,13.900,16.000,15.150,38.750,33.750,32.500
04-12-24,13.000,12.150,14.650,13.900,16.000,15.150,38.750,33.750,32.500
05-12-24,13.000,12.150,14.650,13.900,16.000,15.150,38.750,33.750,32.500
06-12-24,13.000,12.150,14.650,13.900,16.000,15.150,38.750,33.750,36.250
07-12-24,,,,,,,,,
08-12-24,,,,,,,,,
09-12-24,13.000,12.150,14.650,13.900,16.000,15.150,38.750,35.000,36.250
10-12-24,13.000,12.150,14.650,13.900,16.000,15.150,38.750,35.000,36.250
11-12-24,13.000,12.150,14.650,13.900,16.000,15.150,38.750,40.000,37.500
12-12-24,13.000,12.150,14.650,13.900,16.000,15.150,38.750,40.000,37.500
13-12-24,13.000,12.150,14.650,13.900,16.000,15.150,38.750,41.250,37.500
14-12-24,,,,,,,,,
15-12-24,,,,,,,,,
16-12-24,13.000,12.150,14.650,13.900,16.000,15.150,38.750,42.500,41.250
17-12-24,13.000,12.150,14.650,13.900,16.000,15.150,38.750,42.500,41.250
18-12-24,13.000,12.150,14.650,13.900,16.000,15.150,38.750,42.500,41.250
19-12-24,13.000,12.150,14.650,13.900,16.000,15.150,38.750,41.250,41.250
20-12-24,13.000,12.150,14.650,13.900,16.000,15.150,38.750,41.250,41.250
21-12-24,,,,,,,,,
22-12-24,,,,,,,,,
23-12-24,13.000,12.150,14.650,13.900,16.000,15.150,39.750,46.250,56.250
24-12-24,13.000,12.150,14.650,13.900,16.000,15.150,40.000,46.250,56.250
25-12-24,13.000,12.150,14.650,13.900,16.000,15.150,40.000,46.250,56.250
26-12-24,13.000,12.150,14.650,13.900,16.000,15.150,40.000,46.250,56.250
27-12-24,13.000,12.150,14.650,13.900,16.000,15.150,41.250,47.500,71.250
28-12-24,,,,,,,,,
29-12-24,,,,,,,,,
30-12-24,13.000,12.150,14.650,13.900,16.000,15.150,41.250,56.250,72.500
31-12-24,13.000,12.150,14.650,13.900,16.000,15.150,41.250,57.500,73.750
01-01-25,13.000,12.150,14.650,13.900,16.000,15.150,41.250,57.500,73.750
02-01-25,13.000,12.150,14.650,13.900,16.000,15.150,41.250,57.500,81.250
03-01-25,13.000,12.150,14.650,13.900,16.000,15.150,41.250,57.500,81.250
04-01-25,,,,,,,,,
05-01-25,,,,,,,,,
06-01-25,13.000,12.150,14.650,13.900,16.000,15.150,41.250,61.250,98.750
07-01-25,13.000,12.150,14.650,13.900,16.000,15.150,41.250,61.250,98.750
08-01-25,13.000,12.150,14.650,13.900,16.000,15.150,41.250,67.500,96.250
09-01-25,13.000,12.150,14.650,13.900,16.000,15.150,41.250,66.250,95.000
10-01-25,13.000,12.150,14.650,13.900,16.000,15.150,41.250,66.250,91.250
11-01-25,,,,,,,,,
12-01-25,,,,,,,,,
13-01-25,13.000,12.150,14.650,13.900,16.000,15.150,41.250,66.250,90.000
14-01-25,13.000,12.150,14.650,13.900,16.000,15.150,41.250,66.250,88.750
15-01-25,13.000,12.150,14.650,13.900,16.000,15.150,41.250,66.250,87.500
16-01-25,13.000,12.150,14.650,13.900,16.000,15.150,41.250,66.250,86.250
17-01-25,13.000,12.150,14.650,13.900,16.000,15.150,41.250,66.250,81.250
18-01-25,,,,,,,,,
19-01-25,,,,,,,,,
20-01-25,13.000,12.150,14.650,13.900,16.000,15.150,37.500,68.750,66.250
21-01-25,13.000,12.150,14.650,13.900,16.000,15.150,37.500,68.750,66.250
22-01-25,13.000,12.150,14.650,13.900,16.000,15.150,37.500,68.750,66.250
23-01-25,13.000,12.150,14.650,13.900,16.000,15.150,37.500,68.750,66.250
24-01-25,13.000,12.150,14.650,13.900,16.000,15.150,37.500,68.750,66.250
25-01-25,,,,,,,,,
26-01-25,,,,,,,,,
27-01-25,13.000,12.150,14.650,13.900,16.000,15.150,37.500,68.750,66.250
28-01-25,13.000,12.150,14.650,13.900,16.000,15.150,37.500,68.750,62.500
29-01-25,13.000,12.150,14.650,13.900,16.000,15.150,37.500,68.750,62.500
30-01-25,13.000,12.150,14.650,13.900,16.000,15.150,37.500,68.750,67.500
31-01-25,13.000,12.150,14.650,13.900,16.000,15.150,37.500,68.750,67.500
01-02-25,,,,,,,,,
02-02-25,,,,,,,,,
03-02-25,13.000,12.150,14.650,13.900,16.000,15.150,36.500,68.750,63.750
04-02-25,13.000,12.150,14.650,13.900,16.000,15.150,35.250,68.750,63.750
05-02-25,13.000,12.150,14.650,13.900,16.000,15.150,35.250,71.250,63.750
06-02-25,13.000,12.150,14.650,13.900,16.000,15.150,35.250,71.250,63.750
07-02-25,13.000,12.150,14.650,13.900,16.000,15.150,35.250,71.250,63.750
08-02-25,,,,,,,,,
09-02-25,,,,,,,,,
10-02-25,13.000,12.150,14.650,13.900,16.000,15.150,33.750,75.000,60.000
11-02-25,13.000,12.150,14.650,13.900,16.000,15.150,33.750,75.000,60.000
12-02-25,13.000,12.150,14.650,13.900,16.000,15.150,33.750,75.000,58.750
13-02-25,13.000,12.150,14.650,13.900,16.000,15.150,33.750,75.000,58.750
14-02-25,13.000,12.150,14.650,13.900,16.000,15.150,34.500,75.000,57.500
15-02-25,,,,,,,,,
16-02-25,,,,,,,,,
17-02-25,13.000,12.150,14.650,13.900,16.000,15.150,34.500,75.000,57.500
18-02-25,13.000,12.150,14.650,13.900,16.000,15.150,34.500,75.000,60.000
19-02-25,13.000,12.150,14.650,13.900,16.000,15.150,37.500,75.000,63.750
20-02-25,13.000,12.150,14.650,13.900,16.000,15.150,34.500,70.000,66.250
21-02-25,13.000,12.150,14.650,13.900,16.000,15.150,34.500,70.000,67.500
22-02-25,,,,,,,,,
23-02-25,,,,,,,,,
24-02-25,13.000,12.150,14.650,13.900,16.000,15.150,35.750,66.250,68.750
25-02-25,13.000,12.150,14.650,13.900,16.000,15.150,36.500,66.250,80.000
26-02-25,13.000,12.150,14.650,13.900,16.000,15.150,36.500,66.250,83.750
27-02-25,13.000,12.150,14.650,13.900,16.000,15.150,36.500,66.250,83.750
28-02-25,13.000,12.150,14.650,13.900,16.000,15.150,36.500,66.250,77.500
01-03-25,,,,,,,,,
02-03-25,,,,,,,,,
03-03-25,13.150,12.250,14.900,14.150,16.250,15.250,38.250,68.750,96.250
04-03-25,13.150,12.250,14.900,14.150,16.250,15.250,38.250,68.750,92.500
05-03-25,13.150,12.250,14.900,14.150,16.250,15.250,38.250,68.750,90.000
06-03-25,13.150,12.250,14.900,14.150,16.250,15.250,38.750,68.750,90.000
07-03-25,13.150,12.250,14.900,14.150,16.250,15.250,38.750,66.250,72.500
08-03-25,,,,,,,,,
09-03-25,,,,,,,,,
10-03-25,13.150,12.250,14.900,14.150,16.250,15.250,43.000,67.500,75.000
11-03-25,13.150,12.250,14.900,14.150,16.250,15.250,45.500,67.500,73.750
12-03-25,13.150,12.250,14.900,14.150,16.250,15.250,45.500,67.500,73.750
13-03-25,13.150,12.250,14.900,14.150,16.250,15.250,45.500,67.500,73.750
14-03-25,13.150,12.250,14.900,14.150,16.250,15.250,45.500,67.500,73.750
15-03-25,,,,,,,,,
16-03-25,,,,,,,,,
17-03-25,13.150,12.250,14.900,14.150,16.250,15.250,45.500,66.250,80.000
18-03-25,13.150,12.250,14.900,14.150,16.250,15.250,45.500,66.250,87.500
19-03-25,13.150,12.250,14.900,14.150,16.250,15.250,45.500,66.250,87.500
20-03-25,13.150,12.250,14.900,14.150,16.250,15.250,45.500,66.250,93.750
21-03-25,13.150,12.250,14.900,14.150,16.250,15.250,45.500,66.250,93.750
22-03-25,,,,,,,,,
23-03-25,,,,,,,,,
24-03-25,13.150,12.250,14.900,14.150,16.250,15.250,48.000,71.250,88.750
25-03-25,13.150,12.250,14.900,14.150,16.250,15.250,48.000,71.250,91.250
26-03-25,13.150,12.250,14.900,14.150,16.250,15.250,48.000,71.250,93.750
27-03-25,13.150,12.250,14.900,14.150,16.250,15.250,48.000,71.250,93.750
28-03-25,13.150,12.250,14.900,14.150,16.250,15.250,48.000,71.250,93.750
29-03-25,,,,,,,,,
30-03-25,,,,,,,,,
31-03-25,13.150,12.250,14.900,14.150,16.250,15.250,48.000,71.250,93.750
01-04-25,13.150,12.250,14.900,14.150,16.250,15.250,48.000,71.250,93.750
02-04-25,13.150,12.250,14.900,14.150,16.250,15.250,48.000,71.250,93.750
03-04-25,13.150,12.250,14.900,14.150,16.250,15.250,48.000,71.250,93.750
04-04-25,13.150,12.250,14.900,14.150,16.250,15.250,48.000,71.250,93.750
05-04-25,,,,,,,,,
06-04-25,,,,,,,,,
07-04-25,13.150,12.250,14.900,14.150,16.250,15.250,48.000,71.250,93.750
08-04-25,13.150,12.250,14.900,14.150,16.250,15.250,50.750,71.250,90.000
09-04-25,13.150,12.250,14.900,14.150,16.250,15.250,50.750,65.000,90.000
10-04-25,13.150,12.250,14.900,14.150,16.250,15.250,50.750,65.000,96.250
11-04-25,13.150,12.250,14.900,14.150,16.250,15.250,50.750,65.000,98.750
12-04-25,,,,,,,,,
13-04-25,,,,,,,,,
14-04-25,13.150,12.250,14.900,14.150,16.250,15.250,50.750,60.000,93.750
15-04-25,13.150,12.250,14.900,14.150,16.250,15.250,50.750,60.000,91.250
16-04-25,13.150,12.250,14.900,14.150,16.250,15.250,50.750,57.500,85.000
17-04-25,13.150,12.250,14.900,14.150,16.250,15.250,50.750,55.000,85.000
18-04-25,13.150,12.250,14.900,14.150,16.250,15.250,50.750,55.000,85.000
19-04-25,,,,,,,,,
20-04-25,,,,,,,,,
21-04-25,13.150,12.250,14.900,14.150,16.250,15.250,50.750,52.500,63.750
22-04-25,13.150,12.250,14.900,14.150,16.250,15.250,50.750,52.500,63.750
23-04-25,13.150,12.250,14.900,14.150,16.250,15.250,50.750,50.000,60.000
24-04-25,13.150,12.250,14.900,14.150,16.250,15.250,49.500,50.000,60.000
25-04-25,13.150,12.250,14.900,14.150,16.250,15.250,44.500,48.750,55.000
26-04-25,,,,,,,,,
27-04-25,,,,,,,,,
28-04-25,13.150,12.250,14.900,14.150,16.250,15.250,43.500,35.000,48.750
29-04-25,13.150,12.250,14.900,14.150,16.250,15.250,43.500,35.000,48.750
30-04-25,13.150,12.250,14.900,14.150,16.250,15.250,43.500,33.750,46.250
01-05-25,13.150,12.250,14.900,14.150,16.250,15.250,43.500,33.750,46.250
02-05-25,13.150,12.250,14.900,14.150,16.250,15.250,43.500,32.500,43.750
03-05-25,,,,,,,,,
04-05-25,,,,,,,,,
05-05-25,13.150,12.250,14.900,14.150,16.250,15.250,41.250,30.000,42.500
06-05-25,13.150,12.250,14.900,14.150,16.250,15.250,41.250,30.000,42.500
07-05-25,13.150,12.250,14.900,14.150,16.250,15.250,41.250,30.000,38.750
08-05-25,13.150,12.250,14.900,14.150,16.250,15.250,41.250,30.000,38.750
09-05-25,13.150,12.250,14.900,14.150,16.250,15.250,41.250,30.000,37.500
10-05-25,,,,,,,,,
11-05-25,,,,,,,,,
12-05-25,13.150,12.250,14.900,14.150,16.250,15.250,41.250,30.000,37.500
13-05-25,13.150,12.250,14.900,14.150,16.250,15.250,37.750,32.500,33.750
14-05-25,13.150,12.250,14.900,14.150,16.250,15.250,37.750,32.500,33.750
15-05-25,13.150,12.250,14.900,14.150,16.250,15.250,37.750,32.500,31.250
16-05-25,13.150,12.250,14.900,14.150,16.250,15.250,37.750,32.500,31.250
17-05-25,,,,,,,,,
18-05-25,,,,,,,,,
19-05-25,13.150,12.250,14.900,14.150,16.250,15.250,35.250,32.500,27.500
20-05-25,13.150,12.250,14.900,14.150,16.250,15.250,35.250,32.500,27.500
21-05-25,13.150,12.250,14.900,14.150,16.250,15.250,35.250,32.500,27.500
22-05-25,13.150,12.250,14.900,14.150,16.250,15.250,35.250,33.750,27.500
23-05-25,13.150,12.250,14.900,14.150,16.250,15.250,35.250,33.750,27.500
24-05-25,,,,,,,,,
25-05-25,,,,,,,,,
26-05-25,13.150,12.250,14.900,14.150,16.250,15.250,35.250,33.750,27.500
27-05-25,13.150,12.250,14.900,14.150,16.250,15.250,35.250,33.750,27.500
28-05-25,13.150,12.250,14.900,14.150,16.250,15.250,35.250,33.750,27.500
29-05-25,13.150,12.250,14.900,14.150,16.250,15.250,35.250,33.750,27.500
30-05-25,13.150,12.250,14.900,14.150,16.250,15.250,35.250,33.750,27.500
31-05-25,,,,,,,,,
01-06-25,,,,,,,,,
02-06-25,13.150,12.250,14.900,14.150,16.250,15.250,37.750,36.250,38.750
03-06-25,13.150,12.250,14.900,14.150,16.250,15.250,37.750,36.250,42.500
04-06-25,13.150,12.250,14.900,14.150,16.250,15.250,37.750,36.250,42.500
05-06-25,13.150,12.250,14.900,14.150,16.250,15.250,40.750,36.250,45.000
06-06-25,13.150,12.250,14.900,14.150,16.250,15.250,40.750,36.250,45.000
07-06-25,,,,,,,,,
08-06-25,,,,,,,,,
09-06-25,13.150,12.250,14.900,14.150,16.250,15.250,39.250,36.250,37.500
10-06-25,13.150,12.250,14.900,14.150,16.250,15.250,39.250,36.250,38.750
11-06-25,13.150,12.250,14.900,14.150,16.250,15.250,39.250,37.500,38.750
12-06-25,13.150,12.250,14.900,14.150,16.250,15.250,39.250,37.500,38.750
13-06-25,13.150,12.250,14.900,14.150,16.250,15.250,39.250,37.500,38.750
14-06-25,,,,,,,,,
15-06-25,,,,,,,,,
16-06-25,13.150,12.250,14.900,14.150,16.250,15.250,45.500,38.750,46.250
17-06-25,13.150,12.250,14.900,14.150,16.250,15.250,45.500,38.750,46.250
18-06-25,13.150,12.250,14.900,14.150,16.250,15.250,45.500,38.750,52.500
19-06-25,13.150,12.250,14.900,14.150,16.250,15.250,45.500,38.750,52.500
20-06-25,13.150,12.250,14.900,14.150,16.250,15.250,45.500,38.750,52.500
21-06-25,,,,,,,,,
22-06-25,,,,,,,,,
23-06-25,13.150,12.250,14.900,14.150,16.250,15.250,41.750,40.000,55.000
24-06-25,13.150,12.250,14.900,14.150,16.250,15.250,42.500,40.000,55.000
25-06-25,13.150,12.250,14.900,14.150,16.250,15.250,40.000,35.250,49.500
26-06-25,13.400,12.250,15.000,14.400,16.250,15.250,40.000,35.250,54.500
27-06-25,13.400,12.250,15.000,14.400,16.250,15.250,40.000,35.250,54.500
28-06-25,,,,,,,,,
29-06-25,,,,,,,,,
30-06-25,13.400,12.250,15.150,14.400,16.250,15.250,38.750,37.750,58.250
01-07-25,13.400,12.250,15.150,14.400,16.250,15.250,38.750,37.750,55.750
02-07-25,13.400,12.250,15.150,14.400,16.250,15.250,38.750,37.750,55.250
03-07-25,13.400,12.250,15.150,14.400,16.250,15.250,38.750,37.750,57.000
04-07-25,13.400,12.250,15.150,14.400,16.250,15.250,38.750,37.750,58.750
05-07-25,,,,,,,,,
06-07-25,,,,,,,,,
07-07-25,13.400,12.250,15.150,14.400,16.250,15.250,42.500,41.250,62.500
08-07-25,13.400,12.250,15.150,14.400,16.250,15.250,42.500,41.250,62.500
09-07-25,13.400,12.250,15.150,14.400,16.250,15.250,42.500,41.250,62.500
10-07-25,13.400,12.250,15.150,14.400,16.250,15.250,42.500,41.250,62.500
11-07-25,13.400,12.250,15.150,14.400,16.250,15.250,42.500,41.250,62.500
12-07-25,,,,,,,,,
13-07-25,,,,,,,,,
14-07-25,13.400,12.250,15.150,14.400,16.250,15.250,43.750,45.000,64.000
15-07-25,13.400,12.250,15.150,14.400,16.250,15.250,43.750,45.000,62.500
16-07-25,13.400,12.250,15.150,14.400,16.250,15.250,43.250,45.000,62.500
17-07-25,13.400,12.250,15.150,14.400,16.250,15.250,43.250,43.750,57.500
18-07-25,13.400,12.250,15.150,14.400,16.250,15.250,43.250,42.500,45.000
19-07-25,,,,,,,,,
20-07-25,,,,,,,,,
21-07-25,13.400,12.400,15.150,14.400,16.250,15.250,46.250,43.000,40.000
22-07-25,13.400,12.400,15.150,14.400,16.250,15.250,46.250,42.500,41.250
23-07-25,13.400,12.400,15.150,14.400,16.250,15.250,46.250,42.500,40.000
24-07-25,13.400,12.400,15.150,14.400,16.250,15.250,46.250,43.000,39.250
25-07-25,13.400,12.400,15.150,14.400,16.250,15.250,46.250,43.000,39.250
26-07-25,,,,,,,,,
27-07-25,,,,,,,,,
28-07-25,13.400,12.400,15.150,14.400,16.250,15.250,46.250,41.750,39.250
29-07-25,13.400,12.400,15.150,14.400,16.250,15.250,46.250,44.250,38.000
30-07-25,13.400,12.400,15.150,14.400,16.250,15.250,46.250,43.250,38.000
31-07-25,13.400,12.400,15.150,14.400,16.250,15.250,46.250,42.000,36.750
01-08-25,13.400,12.400,15.150,14.400,16.250,15.250,46.250,41.500,36.750
02-08-25,,,,,,,,,
03-08-25,,,,,,,,,
04-08-25,13.400,12.400,15.150,14.400,16.250,15.250,51.250,39.000,35.000
05-08-25,13.400,12.400,15.150,14.400,16.250,15.250,51.250,39.000,35.000
06-08-25,13.400,12.400,15.150,14.400,16.250,15.250,51.250,39.000,33.750
07-08-25,13.400,12.400,15.150,14.400,16.250,15.250,51.250,39.000,33.750
08-08-25,13.400,12.400,15.150,14.400,16.250,15.250,51.250,39.000,33.750
09-08-25,,,,,,,,,
10-08-25,,,,,,,,,
11-08-25,13.400,12.400,15.150,14.400,16.250,15.250,51.250,40.250,31.250
12-08-25,13.400,12.400,15.150,14.400,16.250,15.250,50.000,37.250,31.250
13-08-25,13.400,12.400,15.150,14.400,16.250,15.250,51.250,37.250,31.250
14-08-25,13.400,12.400,15.150,14.400,16.250,15.250,51.250,37.250,31.250
15-08-25,13.400,12.400,15.150,14.400,16.250,15.250,51.250,36.250,31.250
16-08-25,,,,,,,,,
17-08-25,,,,,,,,,
18-08-25,13.400,12.400,15.150,14.400,16.250,15.250,51.250,36.250,31.250
19-08-25,13.400,12.400,15.150,14.400,16.250,15.250,45.000,36.750,30.000
20-08-25,13.400,12.400,15.150,14.400,16.250,15.250,45.000,36.750,27.500
21-08-25,13.400,12.400,15.150,14.400,16.250,15.250,41.250,35.500,27.500
22-08-25,13.400,12.400,15.150,14.400,16.250,15.250,41.250,35.500,26.750
23-08-25,,,,,,,,,
24-08-25,,,,,,,,,
25-08-25,13.400,12.400,15.150,14.400,16.250,15.250,41.250,33.000,25.500
26-08-25,13.400,12.400,15.150,14.400,16.250,15.250,41.250,33.000,25.500
27-08-25,13.400,12.400,15.150,14.400,16.250,15.250,41.250,31.750,25.500
28-08-25,13.400,12.400,15.150,14.400,16.250,15.250,41.250,31.750,25.500
29-08-25,13.400,12.400,15.150,14.400,16.250,15.250,41.250,31.750,25.500
30-08-25,,,,,,,,,
31-08-25,,,,,,,,,
01-09-25,13.400,12.400,15.150,14.400,16.250,15.250,41.250,31.750,26.250
02-09-25,13.400,12.400,15.150,14.400,16.250,15.250,41.250,31.750,26.250
03-09-25,13.400,12.400,15.150,14.400,16.250,15.250,41.250,31.750,26.250
04-09-25,13.400,12.400,15.150,14.400,16.250,15.250,41.250,31.750,26.250
05-09-25,13.400,12.400,15.150,14.400,16.250,15.250,41.250,31.750,26.250
06-09-25,,,,,,,,,
07-09-25,,,,,,,,,
08-09-25,13.150,12.150,14.900,14.150,16.000,15.000,41.250,34.250,31.250
09-09-25,13.150,12.150,14.900,14.150,16.000,15.000,41.250,34.250,31.250
10-09-25,13.150,12.150,14.900,14.150,16.000,15.000,41.250,34.250,32.500
11-09-25,13.150,12.150,14.900,14.150,16.000,15.000,41.250,34.250,30.750
12-09-25,13.150,12.150,14.900,14.150,16.000,15.000,41.250,34.250,30.750
13-09-25,,,,,,,,,
14-09-25,,,,,,,,,
15-09-25,13.150,12.150,14.900,14.150,16.000,15.000,41.250,36.250,33.750
16-09-25,13.150,12.150,14.900,14.150,16.000,15.000,41.250,36.250,35.750
17-09-25,13.150,12.150,14.900,14.150,16.000,15.000,41.250,36.250,38.250
18-09-25,13.150,12.150,14.900,14.150,16.000,15.000,41.250,36.250,38.250
19-09-25,13.150,12.150,14.900,14.150,16.000,15.000,41.250,36.250,37.000
20-09-25,,,,,,,,,
21-09-25,,,,,,,,,
22-09-25,13.150,12.150,14.900,14.150,16.000,15.000,38.750,35.000,33.250
23-09-25,13.150,12.150,14.900,14.150,16.000,15.000,38.750,35.000,33.250
24-09-25,13.150,12.150,14.900,14.150,16.000,15.000,38.750,35.000,33.250
25-09-25,13.150,12.150,14.900,14.150,16.000,15.000,38.750,35.000,33.250
26-09-25,13.150,12.150,14.900,14.150,16.000,15.000,38.750,33.750,33.250
27-09-25,,,,,,,,,
28-09-25,,,,,,,,,
29-09-25,13.150,12.150,14.900,14.150,16.000,15.000,38.750,29.500,31.250
30-09-25,13.150,12.150,14.900,14.150,16.000,15.000,38.750,29.500,31.250
01-10-25,13.150,12.150,14.900,14.150,16.000,15.000,38.750,29.250,31.250
02-10-25,13.150,12.150,14.900,14.150,16.000,15.000,38.750,29.250,31.250
03-10-25,13.150,12.150,14.900,14.150,16.000,15.000,38.750,29.250,31.250
04-10-25,,,,,,,,,
05-10-25,,,,,,,,,
06-10-25,13.150,12.150,14.900,14.150,16.000,15.000,38.750,30.500,33.750
07-10-25,13.150,12.150,14.900,14.150,16.000,15.000,38.750,30.500,33.750
08-10-25,13.150,12.150,14.900,14.150,16.000,15.000,40.000,30.500,33.750
09-10-25,13.150,12.150,14.900,14.150,16.000,15.000,40.000,29.250,33.750
10-10-25,13.150,12.150,14.900,14.150,16.000,15.000,40.000,29.250,33.750
11-10-25,,,,,,,,,
12-10-25,,,,,,,,,
13-10-25,13.150,12.150,14.900,14.150,16.000,15.000,41.500,28.000,33.000
14-10-25,13.150,12.150,14.900,14.150,16.000,15.000,41.500,28.000,33.000
15-10-25,13.150,12.150,14.900,14.150,16.000,15.000,41.500,28.000,33.000
16-10-25,13.150,12.150,14.900,14.150,16.000,15.000,41.500,28.000,33.000
17-10-25,13.150,12.150,14.900,14.150,16.000,15.000,41.500,28.000,36.250
18-10-25,,,,,,,,,
19-10-25,,,,,,,,,
20-10-25,13.150,12.150,14.900,14.150,16.000,15.000,41.500,28.000,35.000
21-10-25,13.150,12.150,14.900,14.150,16.000,15.000,41.500,27.250,31.000
22-10-25,13.150,12.150,14.900,14.150,16.000,15.000,41.500,27.250,29.750
23-10-25,13.150,12.150,14.900,14.150,16.000,15.000,41.500,26.000,28.500
24-10-25,13.150,12.150,14.900,14.150,16.000,15.000,41.500,26.000,28.500
25-10-25,,,,,,,,,
26-10-25,,,,,,,,,
27-10-25,13.150,12.150,14.900,14.150,16.000,15.000,41.500,26.000,28.500
28-10-25,13.150,12.150,14.900,14.150,16.000,15.000,41.500,26.000,29.750
29-10-25,13.150,12.150,14.900,14.150,16.000,15.000,41.500,26.000,29.750
30-10-25,13.150,12.150,14.900,14.150,16.000,15.000,41.500,27.250,30.250
31-10-25,13.150,12.150,14.900,14.150,16.000,15.000,41.500,27.250,30.250
01-11-25,,,,,,,,,
02-11-25,,,,,,,,,
03-11-25,13.150,12.150,14.900,14.150,16.000,15.000,42.000,27.250,31.500
04-11-25,13.150,12.150,14.900,14.150,16.000,15.000,42.000,26.000,30.250
05-11-25,13.150,12.150,14.900,14.150,16.000,15.000,42.000,26.000,29.000
06-11-25,13.150,12.150,14.900,14.150,16.000,15.000,42.000,26.000,30.250
07-11-25,13.150,12.150,14.900,14.150,16.000,15.000,42.000,26.000,30.250
08-11-25,,,,,,,,,
09-11-25,,,,,,,,,
10-11-25,13.150,12.150,14.900,14.150,16.000,15.000,42.000,26.000,30.250
11-11-25,13.150,12.150,14.900,14.150,16.000,15.000,42.000,27.500,30.250
12-11-25,13.150,12.150,14.900,14.150,16.000,15.000,42.000,27.500,30.250
13-11-25,13.150,12.150,14.900,14.150,16.000,15.000,42.000,27.000,32.000
14-11-25,13.150,12.150,14.900,14.150,16.000,15.000,42.000,25.750,32.500
15-11-25,,,,,,,,,
16-11-25,,,,,,,,,
17-11-25,13.150,12.150,14.900,14.150,16.000,15.000,42.000,28.000,35.000
18-11-25,13.150,12.150,14.900,14.150,16.000,15.000,42.000,29.250,37.500
19-11-25,13.150,12.150,14.900,14.150,16.000,15.000,42.000,29.250,40.000
20-11-25,13.150,12.150,14.900,14.150,16.000,15.000,42.000,32.750,38.750
21-11-25,13.150,12.150,14.900,14.150,16.000,15.000,42.000,37.750,40.000
22-11-25,,,,,,,,,
23-11-25,,,,,,,,,
24-11-25,13.150,12.150,14.900,14.150,16.000,15.000,42.000,39.000,45.000
25-11-25,13.150,12.150,14.900,14.150,16.000,15.000,42.000,40.250,45.000
26-11-25,13.150,12.150,14.900,14.150,16.000,15.000,42.000,40.250,45.000
27-11-25,13.150,12.150,14.900,14.150,16.000,15.000,42.000,41.250,47.500
28-11-25,13.150,12.150,14.900,14.150,16.000,15.000,42.000,41.250,49.250
29-11-25,,,,,,,,,
30-11-25,,,,,,,,,
01-12-25,13.150,12.150,14.900,14.150,16.000,15.000,46.250,48.750,60.000
02-12-25,13.150,12.150,14.900,14.150,16.000,15.000,46.250,56.250,66.750
03-12-25,13.150,12.150,14.900,14.150,16.000,15.000,48.750,56.250,67.750
04-12-25,13.150,12.150,14.900,14.150,16.000,15.000,48.750,57.500,69.000
05-12-25,13.150,12.150,14.900,14.150,16.000,15.000,50.000,63.750,75.250
06-12-25,,,,,,,,,
07-12-25,,,,,,,,,
08-12-25,13.150,12.150,14.900,14.150,16.000,15.000,50.000,66.250,84.500
09-12-25,13.150,12.150,14.900,14.150,16.000,15.000,50.000,67.500,84.500
10-12-25,13.150,12.150,14.900,14.150,16.000,15.000,50.000,67.500,83.750
11-12-25,13.150,12.150,14.900,14.150,16.000,15.000,50.000,67.500,82.500
12-12-25,13.150,12.150,14.900,14.150,16.000,15.000,50.000,67.500,78.750
13-12-25,,,,,,,,,
14-12-25,,,,,,,,,
15-12-25,13.150,12.150,14.900,14.150,16.000,15.000,46.750,67.500,76.250
16-12-25,13.150,12.150,14.900,14.150,16.000,15.000,46.750,67.500,74.000
17-12-25,13.150,12.150,14.900,14.150,16.000,15.000,46.750,67.500,73.000
18-12-25,13.150,12.150,14.900,14.150,16.000,15.000,46.750,67.500,63.250
19-12-25,13.150,12.150,14.900,14.150,16.000,15.000,46.750,67.500,53.750
20-12-25,,,,,,,,,
21-12-25,,,,,,,,,
22-12-25,13.150,12.150,14.900,14.150,16.000,15.000,46.750,67.500,56.250
23-12-25,13.150,12.150,14.900,14.150,16.000,15.000,46.750,67.500,56.250
24-12-25,13.150,12.150,14.900,14.150,16.000,15.000,46.750,67.500,56.250
25-12-25,13.150,12.150,14.900,14.150,16.000,15.000,46.750,67.500,56.250
26-12-25,13.150,12.150,14.900,14.150,16.000,15.000,46.750,67.500,56.250
27-12-25,,,,,,,,,
28-12-25,,,,,,,,,
29-12-25,13.150,12.150,14.900,14.150,16.000,15.000,45.250,66.250,55.000
30-12-25,13.150,12.150,14.900,14.150,16.000,15.000,44.750,70.000,54.250
31-12-25,13.150,12.150,14.900,14.150,16.000,15.000,43.500,70.000,54.250
01-01-26,13.150,12.150,14.900,14.150,16.000,15.000,43.500,70.000,54.250
02-01-26,13.150,12.150,14.900,14.150,16.000,15.000,43.500,70.000,56.250
03-01-26,,,,,,,,,
04-01-26,,,,,,,,,
05-01-26,13.150,12.150,14.900,14.150,16.000,15.000,43.500,69.000,50.000
06-01-26,13.150,12.150,14.900,14.150,16.000,15.000,43.500,69.000,50.000
07-01-26,13.150,12.150,14.900,14.150,16.000,15.000,43.500,67.750,45.000
08-01-26,13.150,12.150,14.900,14.150,16.000,15.000,43.500,67.750,45.000
09-01-26,13.150,12.150,14.900,14.150,16.000,15.000,43.500,67.500,42.000
10-01-26,,,,,,,,,
11-01-26,,,,,,,,,
12-01-26,13.150,12.150,14.900,14.150,16.000,15.000,42.250,61.250,37.500
13-01-26,13.150,12.150,14.900,14.150,16.000,15.000,42.250,61.250,37.500
14-01-26,13.150,12.150,14.900,14.150,16.000,15.000,42.750,58.750,36.250
15-01-26,13.150,12.150,14.900,14.150,16.000,15.000,42.750,58.750,36.250
16-01-26,13.150,12.150,14.900,14.150,16.000,15.000,42.750,58.750,36.250
17-01-26,,,,,,,,,
18-01-26,,,,,,,,,
19-01-26,13.150,12.150,14.900,14.150,16.000,15.000,42.750,58.750,41.250
20-01-26,13.150,12.150,14.900,14.150,16.000,15.000,42.750,58.750,42.500
21-01-26,13.150,12.150,14.900,14.150,16.000,15.000,42.750,58.750,42.500
22-01-26,13.150,12.150,14.900,14.150,16.000,15.000,42.750,57.500,45.500
23-01-26,13.150,12.150,14.900,14.150,16.000,15.000,42.750,57.500,46.250
24-01-26,,,,,,,,,
25-01-26,,,,,,,,,
26-01-26,13.150,12.150,14.900,14.150,16.000,15.000,42.750,55.000,49.500
27-01-26,13.150,12.150,14.900,14.150,16.000,15.000,42.750,52.250,52.000
28-01-26,13.150,12.150,14.900,14.150,16.000,15.000,42.750,52.250,53.000
29-01-26,13.150,12.150,14.900,14.150,16.000,15.000,42.750,53.500,58.900
30-01-26,13.150,12.150,14.900,14.150,16.000,15.000,42.750,56.000,62.500
31-01-26,,,,,,,,,
01-02-26,,,,,,,,,
02-02-26,13.150,12.150,14.900,14.150,16.000,15.000,42.750,60.000,65.000
03-02-26,13.150,12.150,14.900,14.150,16.000,15.000,42.750,60.000,65.000
04-02-26,13.150,12.150,14.900,14.150,16.000,15.000,42.750,60.000,68.000
05-02-26,13.150,12.150,14.900,14.150,16.000,15.000,42.750,60.750,81.250
06-02-26,13.150,12.150,14.900,14.150,16.000,15.000,42.750,60.750,81.250
07-02-26,,,,,,,,,
08-02-26,,,,,,,,,
09-02-26,13.150,12.150,14.900,14.150,16.000,15.000,42.750,60.750,78.750
10-02-26,13.150,12.150,14.900,14.150,16.000,15.000,42.750,60.000,81.500
11-02-26,13.150,12.150,14.900,14.150,16.000,15.000,42.750,60.000,89.000
12-02-26,13.150,12.150,14.900,14.150,16.000,15.000,42.750,59.000,88.000
13-02-26,13.150,12.150,14.900,14.150,16.000,15.000,42.750,59.000,90.500
14-02-26,,,,,,,,,
15-02-26,,,,,,,,,
16-02-26,13.150,12.150,14.900,14.150,16.000,15.000,42.750,59.000,90.500
17-02-26,13.150,12.150,14.900,14.150,16.000,15.000,42.750,59.000,90.500
18-02-26,13.150,12.150,14.900,14.150,16.000,15.000,45.000,61.500,94.250
19-02-26,13.150,12.150,14.900,14.150,16.000,15.000,45.000,61.500,96.750
20-02-26,13.150,12.150,14.900,14.150,16.000,15.000,45.000,61.500,101.250
21-02-26,,,,,,,,,
22-02-26,,,,,,,,,
23-02-26,13.150,12.150,14.900,14.150,16.000,15.000,45.000,61.500,88.750
24-02-26,13.150,12.150,14.900,14.150,16.000,15.000,45.000,61.500,87.000
25-02-26,13.150,12.150,14.900,14.150,16.000,15.000,45.000,59.000,86.250
26-02-26,13.150,12.150,14.900,14.150,16.000,15.000,45.000,59.000,87.000
27-02-26,13.150,12.150,14.900,14.150,16.000,15.000,45.000,59.000,88.750
28-02-26,,,,,,,,,
01-03-26,,,,,,,,,
02-03-26,13.150,12.150,14.900,14.150,16.000,15.000,45.000,59.000,87.500
03-03-26,13.150,12.150,14.900,14.150,16.000,15.000,45.000,59.000,90.000
04-03-26,13.150,12.150,14.900,14.150,16.000,15.000,45.000,59.000,93.750
05-03-26,13.150,12.150,14.900,14.150,16.000,15.000,45.000,59.000,93.750
06-03-26,13.150,12.150,14.900,14.150,16.000,15.000,45.000,59.000,97.500
07-03-26,,,,,,,,,
08-03-26,,,,,,,,,
09-03-26,13.150,12.150,14.900,14.150,16.000,15.000,45.000,61.500,97.500
10-03-26,13.150,12.150,14.900,14.150,16.000,15.000,45.000,61.500,98.750
11-03-26,13.150,12.150,14.900,14.150,16.000,15.000,45.000,61.500,96.250
12-03-26,13.150,12.150,14.900,14.150,16.000,15.000,45.000,61.500,96.250
13-03-26,13.150,12.150,14.900,14.150,16.000,15.000,45.000,61.500,98.750
14-03-26,,,,,,,,,
15-03-26,,,,,,,,,
16-03-26,13.150,12.150,14.900,14.150,16.000,15.000,44.500,62.500,92.500
17-03-26,13.150,12.150,14.900,14.150,16.000,15.000,44.500,65.000,112.500
18-03-26,13.150,12.150,14.900,14.150,16.000,15.000,44.500,65.000,112.500
19-03-26,13.150,12.150,14.900,14.150,16.000,15.000,44.500,65.000,112.500
20-03-26,13.150,12.150,14.900,14.150,16.000,15.000,44.500,65.000,112.500
21-03-26,,,,,,,,,
22-03-26,,,,,,,,,
23-03-26,13.150,12.150,14.900,14.150,16.000,15.000,44.500,65.000,112.500
24-03-26,13.150,12.150,14.900,14.150,16.000,15.000,44.500,65.000,112.500
25-03-26,13.150,12.150,14.900,14.150,16.000,15.000,44.250,63.750,62.500
26-03-26,13.150,12.150,14.900,14.150,16.000,15.000,44.250,60.000,72.500
27-03-26,13.150,12.150,14.900,14.150,16.000,15.000,43.000,60.000,77.500
28-03-26,,,,,,,,,
29-03-26,,,,,,,,,
30-03-26,13.150,12.150,14.900,14.150,16.000,15.000,43.000,59.000,80.000
31-03-26,13.150,12.150,14.900,14.150,16.000,15.000,43.000,59.000,80.500
01-04-26,13.150,12.150,14.900,14.150,16.000,15.000,43.000,52.500,81.750
02-04-26,13.150,12.150,14.900,14.150,16.000,15.000,43.000,52.500,80.000
03-04-26,13.150,12.150,14.900,14.150,16.000,15.000,43.000,52.500,80.000
04-04-26,,,,,,,,,
05-04-26,,,,,,,,,
06-04-26,13.150,12.150,14.900,14.150,16.000,15.000,43.000,56.500,78.750
07-04-26,13.150,12.150,14.900,14.150,16.000,15.000,43.000,56.500,78.750
08-04-26,13.150,12.150,14.900,14.150,16.000,15.000,43.000,56.250,75.750
09-04-26,13.150,12.150,14.900,14.150,16.000,15.000,43.000,56.250,70.000
10-04-26,13.150,12.150,14.900,14.150,16.000,15.000,43.000,56.250,68.750
11-04-26,,,,,,,,,
12-04-26,,,,,,,,,
13-04-26,13.150,12.150,14.900,14.150,16.000,15.000,44.000,51.250,66.250
14-04-26,13.150,12.150,14.900,14.150,16.000,15.000,44.000,52.500,65.000
15-04-26,13.150,12.150,14.900,14.150,16.000,15.000,44.000,52.500,65.000
16-04-26,13.150,12.150,14.900,14.150,16.000,15.000,44.000,52.500,66.250
17-04-26,13.150,12.150,14.900,14.150,16.000,15.000,44.000,52.500,66.250
18-04-26,,,,,,,,,
19-04-26,,,,,,,,,
20-04-26,13.150,12.150,14.900,14.150,16.000,15.000,44.000,55.000,63.750
21-04-26,13.150,12.150,14.900,14.150,16.000,15.000,44.000,55.000,63.750
22-04-26,13.150,12.150,14.900,14.150,16.000,15.000,44.000,53.750,63.750
23-04-26,13.150,12.150,14.900,14.150,16.000,15.000,44.000,53.750,60.750
24-04-26,13.150,12.150,14.900,14.150,16.000,15.000,44.000,53.750,60.000
25-04-26,,,,,,,,,
26-04-26,,,,,,,,,
27-04-26,13.150,12.150,14.900,14.150,16.000,15.000,44.000,55.000,53.250
28-04-26,13.150,12.150,14.900,14.150,16.000,15.000,44.000,55.000,55.000
29-04-26,13.150,12.150,14.900,14.150,16.000,15.000,44.000,55.000,55.000
30-04-26,13.150,12.150,14.900,14.150,16.000,15.000,44.000,54.000,54.250
01-05-26,13.150,12.150,14.900,14.150,16.000,15.000,44.000,54.000,54.250
02-05-26,,,,,,,,,
03-05-26,,,,,,,,,
04-05-26,13.150,12.150,14.900,14.150,16.000,15.000,44.000,60.000,67.500
05-05-26,13.150,12.150,14.900,14.150,16.000,15.000,44.000,60.000,72.500
06-05-26,13.150,12.150,14.900,14.150,16.000,15.000,44.000,60.000,77.500
07-05-26,13.150,12.150,14.900,14.150,16.000,15.000,44.000,60.000,77.500
08-05-26,13.150,12.150,14.900,14.150,16.000,15.000,44.000,60.000,77.500
09-05-26,,,,,,,,,
10-05-26,,,,,,,,,
11-05-26,13.150,12.150,14.900,14.150,16.000,15.000,44.000,57.250,81.250
12-05-26,13.150,12.150,14.900,14.150,16.000,15.000,44.000,57.250,81.250
13-05-26,13.150,12.150,14.900,14.150,16.000,15.000,44.000,57.250,81.250
14-05-26,13.150,12.150,14.900,14.150,16.000,15.000,44.000,57.250,81.250
15-05-26,13.150,12.150,14.900,14.150,16.000,15.000,44.000,57.250,81.250
16-05-26,,,,,,,,,
17-05-26,,,,,,,,,
18-05-26,13.150,12.150,14.900,14.150,16.000,15.000,42.500,57.250,80.750
19-05-26,13.150,12.150,14.900,14.150,16.000,15.000,42.500,57.250,80.750
20-05-26,13.150,12.150,14.900,14.150,16.000,15.000,42.500,57.250,77.500
21-05-26,13.150,12.150,14.900,14.150,16.000,15.000,42.500,57.250,76.250
22-05-26,13.150,12.150,14.900,14.150,16.000,15.000,42.500,57.250,79.000
23-05-26,,,,,,,,,
24-05-26,,,,,,,,,
25-05-26,13.150,12.150,14.900,14.150,16.000,15.000,43.750,57.500,79.000
26-05-26,13.150,12.150,14.900,14.150,16.000,15.000,43.750,57.500,79.000
27-05-26,13.150,12.150,14.900,14.150,16.000,15.000,43.750,57.500,79.000
28-05-26,13.150,12.150,14.900,14.150,16.000,15.000,43.750,57.500,79.000
29-05-26,13.150,12.150,14.900,14.150,16.000,15.000,47.500,53.750,80.000
30-05-26,,,,,,,,,
31-05-26,,,,,,,,,
01-06-26,13.150,12.150,14.900,14.150,16.000,15.000,47.500,53.750,80.000
02-06-26,13.150,12.150,14.900,14.150,16.000,15.000,47.500,52.500,71.500
03-06-26,13.150,12.150,14.900,14.150,16.000,15.000,47.500,52.500,73.000
04-06-26,13.150,12.150,14.900,14.150,16.000,15.000,47.500,51.250,73.000
05-06-26,13.150,12.150,14.900,14.150,16.000,15.000,48.750,51.250,73.000
06-06-26,,,,,,,,,
07-06-26,,,,,,,,,
08-06-26,13.150,12.150,14.900,14.150,16.000,15.000,51.250,45.000,67.000
09-06-26,13.150,12.150,14.900,14.150,16.000,15.000,51.250,45.000,67.000
10-06-26,13.150,12.150,14.900,14.150,16.000,15.000,51.250,45.000,67.000
11-06-26,13.150,12.150,14.900,14.150,16.000,15.000,51.250,45.000,67.500
12-06-26,13.150,12.150,14.900,14.150,16.000,15.000,51.250,45.000,66.250
13-06-26,,,,,,,,,
14-06-26,,,,,,,,,
15-06-26,13.150,12.150,14.900,14.150,16.000,15.000,49.000,45.000,62.000
16-06-26,13.150,12.150,14.900,14.150,16.000,15.000,49.000,45.000,62.000
17-06-26,13.150,12.150,14.900,14.150,16.000,15.000,49.000,47.500,62.500
18-06-26,13.250,12.150,15.000,14.250,16.400,15.250,49.000,51.250,64.500
19-06-26,13.250,12.150,15.000,14.250,16.400,15.250,49.000,50.000,64.500
20-06-26,,,,,,,,,
21-06-26,,,,,,,,,
22-06-26,13.250,12.150,15.000,14.250,16.400,15.250,49.000,48.750,55.000
23-06-26,13.250,12.150,15.000,14.250,16.400,15.250,49.000,47.500,55.000
24-06-26,13.250,12.150,15.000,14.250,16.400,15.250,49.000,47.500,55.000
25-06-26,13.250,12.150,15.000,14.250,16.400,15.250,49.000,47.500,51.250
26-06-26,13.250,12.150,15.000,14.250,16.400,15.250,49.000,45.000,48.750
27-06-26,,,,,,,,,
28-06-26,,,,,,,,,
29-06-26,13.250,12.150,15.000,14.250,16.400,15.250,49.000,43.750,45.750
30-06-26,13.250,12.150,15.000,14.250,16.400,15.250,49.000,45.000,45.750
01-07-26,13.250,12.150,15.000,14.250,16.400,15.250,49.000,45.000,46.250
02-07-26,13.250,12.150,15.000,14.250,16.400,15.250,49.000,43.750,43.750
03-07-26,13.250,12.150,15.000,14.250,16.400,15.250,49.000,44.250,43.750
04-07-26,,,,,,,,,
05-07-26,,,,,,,,,
06-07-26,13.250,12.150,15.000,14.250,16.400,15.250,49.000,45.000,48.750
07-07-26,13.250,12.150,15.000,14.250,16.400,15.250,49.000,45.000,48.000
08-07-26,13.250,12.150,15.000,14.250,16.400,15.250,49.000,45.000,48.000
09-07-26,13.250,12.150,15.000,14.250,16.400,15.250,49.000,45.750,48.000
10-07-26,13.250,12.150,15.000,14.250,16.400,15.250,49.000,46.250,46.750
11-07-26,,,,,,,,,
12-07-26,,,,,,,,,
13-07-26,13.250,12.150,15.000,14.250,16.400,15.250,49.000,46.750,44.500
14-07-26,13.250,12.150,15.000,14.250,16.400,15.250,47.500,48.000,44.500
15-07-26,13.250,12.150,15.000,14.250,16.400,15.250,47.500,48.750,44.500
16-07-26,13.250,12.150,15.000,14.250,16.400,15.250,47.500,48.750,44.500
17-07-26,13.250,12.150,15.000,14.250,16.400,15.250,47.500,48.750,42.500
18-07-26,,,,,,,,,
19-07-26,,,,,,,,,
20-07-26,13.250,12.150,15.000,14.250,16.400,15.250,46.250,47.500,40.500
21-07-26,13.250,12.150,15.000,14.250,16.400,15.250,46.250,45.000,40.000
22-07-26,13.250,12.150,15.000,14.250,16.400,15.250,46.250,45.000,40.000
23-07-26,13.250,12.150,15.000,14.250,16.400,15.250,46.250,46.250,41.250
24-07-26,13.250,12.150,15.000,14.250,16.400,15.250,46.250,45.750,41.250
25-07-26,,,,,,,,,
26-07-26,,,,,,,,,
27-07-26,13.250,12.150,15.000,14.250,16.400,15.250,41.500,47.000,40.000
28-07-26,13.250,12.150,15.000,14.250,16.400,15.250,41.250,47.000,41.250
29-07-26,13.250,12.150,15.000,14.250,16.400,15.250,41.250,45.750,42.500
30-07-26,13.250,12.150,15.000,14.250,16.400,15.250,41.250,45.750,45.000
31-07-26,13.250,12.150,15.000,14.250,16.400,15.250,41.250,45.500,45.000
01-08-26,,,,,,,,,
02-08-26,,,,,,,,,
03-08-26,13.250,12.150,15.000,14.250,16.500,15.400,40.500,45.500,46.250
