tanggal,Beras Kualitas Bawah I,Beras Kualitas Bawah II,Beras Kualitas Medium I,Beras Kualitas Medium II,Beras Kualitas Super I,Beras Kualitas Super II,Bawang Merah Ukuran Sedang,Cabai Rawit Hijau,Cabai Rawit Merah
2021-01-04,10.400,9.900,11.750,11.000,12.750,12.400,32.250,56.250,62.500
2021-01-05,10.400,9.900,11.750,11.000,12.750,12.400,31.750,56.250,68.750
2021-01-06,10.400,9.900,11.750,11.000,12.750,12.400,31.750,56.250,68.750
2021-01-07,10.400,9.900,11.750,11.000,12.750,12.400,31.750,56.000,71.250
2021-01-08,10.400,9.900,11.750,11.000,12.750,12.400,31.750,56.000,71.250
2021-01-09,,,,,,,,,
2021-01-10,,,,,,,,,
2021-01-11,10.400,9.900,11.750,11.000,12.750,12.400,31.750,56.250,73.750
2021-01-12,10.400,9.900,11.750,11.000,12.750,12.400,32.750,56.250,73.750
2021-01-13,10.400,9.900,11.750,11.000,12.750,12.400,32.750,55.000,71.250
2021-01-14,10.400,9.900,11.750,11.000,12.750,12.400,29.750,55.000,71.250
2021-01-15,10.400,9.900,11.750,11.000,12.750,12.400,28.500,57.500,71.250
2021-01-16,,,,,,,,,
2021-01-17,,,,,,,,,
2021-01-18,10.400,9.900,11.750,11.000,12.750,12.400,29.000,58.750,66.250
2021-01-19,10.400,9.900,11.750,11.000,12.750,12.400,29.000,58.750,65.000
2021-01-20,10.400,9.900,11.750,11.000,12.750,12.400,28.500,57.500,65.000
2021-01-21,10.400,9.900,11.750,11.000,12.750,12.400,28.500,57.500,65.000
2021-01-22,10.400,9.900,11.750,11.000,12.750,12.400,28.500,57.500,66.250
2021-01-23,,,,,,,,,
2021-01-24,,,,,,,,,
2021-01-25,10.400,9.900,11.750,11.000,12.750,12.400,26.000,58.750,70.000
2021-01-26,10.400,9.900,11.750,11.000,12.750,12.400,26.000,61.250,71.250
2021-01-27,10.400,9.900,11.750,11.000,12.750,12.400,26.000,62.500,71.250
2021-01-28,10.400,9.900,11.750,11.000,12.750,12.400,26.000,62.500,72.500
2021-01-29,10.400,9.900,11.750,11.000,12.750,12.400,26.000,62.500,72.500
2021-01-30,,,,,,,,,
2021-01-31,,,,,,,,,
2021-02-01,10.400,9.900,11.750,11.000,12.750,12.400,26.000,66.250,71.250
2021-02-02,10.400,9.900,11.750,11.000,12.750,12.400,26.000,63.000,72.500
2021-02-03,10.400,9.900,11.750,11.000,12.750,12.400,26.000,63.000,72.500
2021-02-04,10.400,9.900,11.750,11.000,12.750,12.400,26.000,63.000,72.500
2021-02-05,10.400,9.900,11.750,11.000,12.750,12.400,26.000,63.750,72.500
2021-02-06,,,,,,,,,
2021-02-07,,,,,,,,,
2021-02-08,10.400,9.900,11.750,11.000,12.750,12.400,26.750,63.750,71.250
2021-02-09,10.400,9.900,11.750,11.000,12.750,12.400,26.750,63.750,70.000
2021-02-10,10.400,9.900,11.750,11.000,12.750,12.400,26.750,63.750,67.500
2021-02-11,10.400,9.900,11.750,11.000,12.750,12.400,26.750,67.500,70.000
2021-02-12,,,,,,,,,
2021-02-13,,,,,,,,,
2021-02-14,,,,,,,,,
2021-02-15,10.400,9.900,11.750,11.000,12.750,12.400,28.250,67.500,71.250
2021-02-16,10.400,9.900,11.750,11.000,12.750,12.400,28.250,67.500,75.000
2021-02-17,10.400,9.900,11.750,11.000,12.750,12.400,28.250,66.250,76.250
2021-02-18,10.400,9.900,11.750,11.000,12.750,12.400,28.250,65.000,78.750
2021-02-19,10.400,9.900,11.750,11.000,12.750,12.400,28.250,65.000,86.250
2021-02-20,,,,,,,,,
2021-02-21,,,,,,,,,
2021-02-22,10.400,9.900,11.750,11.000,12.750,12.400,29.500,63.750,85.000
2021-02-23,10.400,9.900,11.750,11.000,12.750,12.400,32.500,63.750,91.250
2021-02-24,10.400,9.900,11.750,11.000,12.750,12.400,32.000,65.750,90.000
2021-02-25,10.400,9.900,11.750,11.000,12.750,12.400,32.000,65.750,87.500
2021-02-26,10.400,9.900,11.750,11.000,12.750,12.400,32.000,65.750,87.500
2021-02-27,,,,,,,,,
2021-02-28,,,,,,,,,
2021-03-01,10.400,9.900,11.750,11.000,12.750,12.400,31.500,65.750,90.000
2021-03-02,10.400,9.900,11.750,11.000,12.750,12.400,32.000,67.500,98.750
2021-03-03,10.400,9.900,11.750,11.000,12.750,12.400,32.000,67.500,101.250
2021-03-04,10.400,9.900,11.750,11.000,12.750,12.400,33.000,68.750,101.250
2021-03-05,10.400,9.900,11.750,11.000,12.750,12.400,33.250,68.750,102.500
2021-03-06,,,,,,,,,
2021-03-07,,,,,,,,,
2021-03-08,10.400,9.900,11.750,11.000,12.750,12.400,35.500,63.750,96.250
2021-03-09,10.400,9.900,11.750,11.000,12.750,12.400,35.500,63.750,96.250
2021-03-10,10.400,9.900,11.750,11.000,12.750,12.400,35.500,62.500,96.250
2021-03-11,,,,,,,,,
2021-03-12,10.400,9.900,11.750,11.000,12.750,12.400,35.500,61.250,103.150
2021-03-13,,,,,,,,,
2021-03-14,,,,,,,,,
2021-03-15,10.400,9.900,11.750,11.000,12.750,12.400,36.250,62.500,120.000
2021-03-16,10.400,9.900,11.750,11.000,12.750,12.400,36.250,62.500,118.750
2021-03-17,10.400,9.900,11.750,11.000,12.750,12.400,36.250,62.500,118.750
2021-03-18,10.400,9.900,11.750,11.000,12.750,12.400,36.250,62.500,118.750
2021-03-19,10.400,9.900,11.750,11.000,12.750,12.400,36.250,60.000,118.750
2021-03-20,,,,,,,,,
2021-03-21,,,,,,,,,
2021-03-22,10.400,9.900,11.750,11.000,12.750,12.400,36.250,60.000,107.500
2021-03-23,10.400,9.900,11.750,11.000,12.750,12.400,36.250,56.250,102.500
2021-03-24,10.400,9.900,11.750,11.000,12.750,12.400,36.250,56.250,102.500
2021-03-25,10.400,9.900,11.750,11.000,12.750,12.400,36.250,56.250,101.250
2021-03-26,10.400,9.900,11.750,11.000,12.750,12.400,36.250,56.250,101.250
2021-03-27,,,,,,,,,
2021-03-28,,,,,,,,,
2021-03-29,10.400,9.900,11.750,11.000,12.750,12.400,35.250,52.500,77.500
2021-03-30,10.400,9.900,11.750,11.000,12.750,12.400,35.250,52.500,71.250
2021-03-31,10.400,9.900,11.750,11.000,12.750,12.400,35.250,52.500,67.500
2021-04-01,10.400,9.900,11.750,11.000,12.750,12.400,33.500,52.500,66.250
2021-04-02,,,,,,,,,
2021-04-03,,,,,,,,,
2021-04-04,,,,,,,,,
2021-04-05,10.400,9.900,11.750,11.000,12.750,12.400,33.500,51.250,72.500
2021-04-06,10.400,9.900,11.750,11.000,12.750,12.400,33.000,50.000,71.250
2021-04-07,10.400,9.900,11.750,11.000,12.750,12.400,33.000,50.000,68.750
2021-04-08,10.400,9.900,11.750,11.000,12.750,12.400,33.000,50.000,68.750
2021-04-09,10.400,9.900,11.750,11.000,12.750,12.400,33.000,50.000,67.500
2021-04-10,,,,,,,,,
2021-04-11,,,,,,,,,
2021-04-12,10.400,9.900,11.750,11.000,12.750,12.400,32.500,46.250,62.500
2021-04-13,10.400,9.900,11.750,11.000,12.750,12.400,32.500,46.250,62.500
2021-04-14,10.400,9.900,11.750,11.000,12.750,12.400,32.500,46.250,62.500
2021-04-15,10.400,9.900,11.750,11.000,12.750,12.400,32.500,45.000,60.000
2021-04-16,10.400,9.900,11.750,11.000,12.750,12.400,32.500,45.000,60.000
2021-04-17,,,,,,,,,
2021-04-18,,,,,,,,,
2021-04-19,10.150,9.650,11.500,10.750,12.500,12.150,32.000,42.500,35.000
2021-04-20,10.150,9.650,11.500,10.750,12.500,12.150,32.000,40.000,35.000
2021-04-21,10.150,9.650,11.500,10.750,12.500,12.150,32.000,38.250,37.500
2021-04-22,10.150,9.650,11.500,10.750,12.500,12.150,32.000,37.000,38.750
2021-04-23,10.150,9.650,11.500,10.750,12.500,12.150,32.000,38.250,38.750
2021-04-24,,,,,,,,,
2021-04-25,,,,,,,,,
2021-04-26,10.150,9.650,11.500,10.750,12.500,12.150,31.500,38.750,41.250
2021-04-27,10.150,9.650,11.500,10.750,12.500,12.150,31.500,38.750,42.000
2021-04-28,10.150,9.650,11.500,10.750,12.500,12.150,31.500,38.750,43.750
2021-04-29,10.150,9.650,11.500,10.750,12.500,12.150,31.500,38.750,43.750
2021-04-30,10.150,9.650,11.500,10.750,12.500,12.150,31.500,37.500,48.750
2021-05-01,,,,,,,,,
2021-05-02,,,,,,,,,
2021-05-03,10.150,9.650,11.500,10.750,12.500,12.150,31.500,37.500,51.250
2021-05-04,10.150,9.650,11.500,10.750,12.500,12.150,31.500,33.750,53.750
2021-05-05,10.150,9.650,11.500,10.750,12.500,12.150,31.500,33.750,53.750
2021-05-06,10.150,9.650,11.500,10.750,12.500,12.150,31.500,33.750,52.500
2021-05-07,10.150,9.650,11.500,10.750,12.500,12.150,31.500,33.750,50.000
2021-05-08,,,,,,,,,
2021-05-09,,,,,,,,,
2021-05-10,10.150,9.650,11.500,10.750,12.500,12.150,28.500,38.750,62.500
2021-05-11,10.150,9.650,11.500,10.750,12.500,12.150,28.000,36.250,55.000
2021-05-12,,,,,,,,,
2021-05-13,,,,,,,,,
2021-05-14,,,,,,,,,
2021-05-15,,,,,,,,,
2021-05-16,,,,,,,,,
2021-05-17,10.150,9.650,11.500,10.750,12.500,12.150,29.500,33.750,42.500
2021-05-18,10.150,9.650,11.500,10.750,12.500,12.150,29.500,33.750,42.500
2021-05-19,10.150,9.650,11.500,10.750,12.500,12.150,29.500,32.500,41.250
2021-05-20,10.150,9.650,11.500,10.750,12.500,12.150,29.000,31.250,41.250
2021-05-21,10.150,9.650,11.500,10.750,12.500,12.150,29.000,28.750,37.500
2021-05-22,,,,,,,,,
2021-05-23,,,,,,,,,
2021-05-24,10.150,9.650,11.500,10.750,12.500,12.150,29.500,25.000,35.000
2021-05-25,10.150,9.650,11.500,10.750,12.500,12.150,29.500,25.000,36.250
2021-05-26,,,,,,,,,
2021-05-27,10.150,9.650,11.500,10.750,12.500,12.150,29.500,23.750,35.000
2021-05-28,10.150,9.650,11.500,10.750,12.500,12.150,29.500,25.000,35.000
2021-05-29,,,,,,,,,
2021-05-30,,,,,,,,,
2021-05-31,10.150,9.650,11.500,10.750,12.500,12.150,28.500,22.500,31.250
2021-06-01,,,,,,,,,
2021-06-02,10.150,9.650,11.500,10.750,12.500,12.150,28.500,22.500,31.250
2021-06-03,10.150,9.650,11.500,10.750,12.500,12.150,28.500,22.500,31.250
2021-06-04,10.150,9.650,11.500,10.750,12.500,12.150,28.500,22.500,31.250
2021-06-05,,,,,,,,,
2021-06-06,,,,,,,,,
2021-06-07,10.150,9.650,11.500,10.750,12.500,12.150,28.250,20.000,30.000
2021-06-08,10.150,9.650,11.500,10.750,12.500,12.150,27.750,20.000,30.000
2021-06-09,10.150,9.650,11.500,10.750,12.500,12.150,27.750,21.250,29.500
2021-06-10,10.150,9.650,11.500,10.750,12.500,12.150,27.750,21.250,28.250
2021-06-11,10.150,9.650,11.500,10.750,12.500,12.150,27.750,21.250,28.250
2021-06-12,,,,,,,,,
2021-06-13,,,,,,,,,
2021-06-14,10.150,9.650,11.500,10.750,12.500,12.150,27.750,25.250,27.500
2021-06-15,10.150,9.650,11.500,10.750,12.500,12.150,27.750,25.250,26.250
2021-06-16,10.150,9.650,11.500,10.750,12.500,12.150,27.750,25.250,26.250
2021-06-17,10.150,9.650,11.500,10.750,12.500,12.150,27.750,25.250,26.250
2021-06-18,10.150,9.650,11.500,10.750,12.500,12.150,27.750,25.250,26.250
2021-06-19,,,,,,,,,
2021-06-20,,,,,,,,,
2021-06-21,10.150,9.650,11.500,10.750,12.500,12.150,27.750,29.250,37.000
2021-06-22,10.150,9.650,11.500,10.750,12.500,12.150,27.750,29.250,38.250
2021-06-23,10.150,9.650,11.500,10.750,12.500,12.150,27.750,29.250,38.250
2021-06-24,10.150,9.650,11.500,10.750,12.500,12.150,27.750,29.250,40.000
2021-06-25,10.150,9.650,11.500,10.750,12.500,12.150,27.750,29.250,43.000
2021-06-26,,,,,,,,,
2021-06-27,,,,,,,,,
2021-06-28,10.150,9.650,11.500,10.750,12.500,12.150,27.750,29.250,42.000
2021-06-29,10.150,9.650,11.500,10.750,12.500,12.150,27.750,29.250,42.000
2021-06-30,10.150,9.650,11.500,10.750,12.500,12.150,28.250,29.250,42.000
2021-07-01,10.150,9.650,11.500,10.750,12.500,12.150,28.250,29.250,42.000
2021-07-02,10.150,9.650,11.500,10.750,12.500,12.150,28.250,30.000,43.250
2021-07-03,,,,,,,,,
2021-07-04,,,,,,,,,
2021-07-05,10.150,9.650,11.500,10.750,12.500,12.150,28.250,29.250,42.000
2021-07-06,10.150,9.650,11.500,10.750,12.500,12.150,28.750,28.000,44.500
2021-07-07,10.150,9.650,11.500,10.750,12.500,12.150,28.750,28.000,45.500
2021-07-08,10.150,9.650,11.500,10.750,12.500,12.150,28.750,28.000,47.500
2021-07-09,10.150,9.650,11.500,10.750,12.500,12.150,28.750,28.000,48.750
2021-07-10,,,,,,,,,
2021-07-11,,,,,,,,,
2021-07-12,10.150,9.650,11.500,10.750,12.500,12.150,29.000,30.000,47.500
2021-07-13,10.150,9.650,11.500,10.750,12.500,12.150,29.000,30.000,50.000
2021-07-14,10.150,9.650,11.500,10.750,12.500,12.150,29.000,28.750,53.750
2021-07-15,10.150,9.650,11.500,10.750,12.500,12.150,29.000,28.750,53.250
2021-07-16,10.150,9.650,11.500,10.750,12.500,12.150,29.000,28.750,53.250
2021-07-17,,,,,,,,,
2021-07-18,,,,,,,,,
2021-07-19,10.150,9.650,11.500,10.750,12.500,12.150,29.250,28.750,52.000
2021-07-20,,,,,,,,,
2021-07-21,10.150,9.650,11.500,10.750,12.500,12.150,29.250,27.500,51.250
2021-07-22,10.150,9.650,11.500,10.750,12.500,12.150,29.250,27.500,49.000
2021-07-23,10.150,9.650,11.500,10.750,12.500,12.150,29.250,27.500,49.000
2021-07-24,,,,,,,,,
2021-07-25,,,,,,,,,
2021-07-26,10.150,9.650,11.500,10.750,12.500,12.150,33.750,27.500,40.000
2021-07-27,10.150,9.650,11.500,10.750,12.500,12.150,33.750,27.500,37.500
2021-07-28,10.150,9.650,11.500,10.750,12.500,12.150,33.750,27.500,36.250
2021-07-29,10.150,9.650,11.500,10.750,12.500,12.150,33.750,27.500,35.000
2021-07-30,10.150,9.650,11.500,10.750,12.500,12.150,33.750,26.250,35.000
2021-07-31,,,,,,,,,
2021-08-01,,,,,,,,,
2021-08-02,10.150,9.650,11.500,10.750,12.500,12.150,35.000,25.000,31.250
2021-08-03,10.150,9.650,11.500,10.750,12.500,12.150,35.000,25.000,30.000
2021-08-04,10.150,9.650,11.500,10.750,12.500,12.150,35.750,25.000,30.000
2021-08-05,10.150,9.650,11.500,10.750,12.500,12.150,35.750,25.000,31.250
2021-08-06,10.150,9.650,11.500,10.750,12.500,12.150,35.750,25.000,30.000
2021-08-07,,,,,,,,,
2021-08-08,,,,,,,,,
2021-08-09,10.150,9.650,11.500,10.750,12.500,12.150,35.750,25.000,26.250
2021-08-10,10.150,9.650,11.500,10.750,12.500,12.150,35.750,25.000,26.250
2021-08-11,,,,,,,,,
2021-08-12,10.150,9.650,11.500,10.750,12.500,12.150,32.750,21.250,22.500
2021-08-13,10.150,9.650,11.500,10.750,12.500,12.150,32.750,21.250,22.500
2021-08-14,,,,,,,,,
2021-08-15,,,,,,,,,
2021-08-16,10.150,9.650,11.500,10.750,12.500,12.150,29.000,21.250,21.250
2021-08-17,,,,,,,,,
2021-08-18,10.150,9.650,11.500,10.750,12.500,12.150,29.000,21.250,20.000
2021-08-19,10.150,9.650,11.500,10.750,12.500,12.150,29.000,20.000,20.000
2021-08-20,10.150,9.650,11.500,10.750,12.500,12.150,29.000,19.250,19.500
2021-08-21,,,,,,,,,
2021-08-22,,,,,,,,,
2021-08-23,10.150,9.650,11.500,10.750,12.500,12.150,28.250,15.500,15.000
2021-08-24,10.150,9.650,11.500,10.750,12.500,12.150,28.250,15.000,15.000
2021-08-25,10.150,9.650,11.500,10.750,12.500,12.150,28.250,15.000,15.750
2021-08-26,10.150,9.650,11.500,10.750,12.500,12.150,28.250,15.000,15.750
2021-08-27,10.150,9.650,11.500,10.750,12.500,12.150,28.250,16.250,16.250
2021-08-28,,,,,,,,,
2021-08-29,,,,,,,,,
2021-08-30,10.150,9.650,11.500,10.750,12.500,12.150,27.000,17.500,16.250
2021-08-31,10.150,9.650,11.500,10.750,12.500,12.150,27.000,18.750,16.500
2021-09-01,10.150,9.650,11.500,10.750,12.500,12.150,27.000,19.250,16.750
2021-09-02,10.150,9.650,11.500,10.750,12.500,12.150,27.000,19.250,16.750
2021-09-03,10.150,9.650,11.500,10.750,12.500,12.150,27.000,19.250,16.750
2021-09-04,,,,,,,,,
2021-09-05,,,,,,,,,
2021-09-06,10.150,9.650,11.500,10.750,12.500,12.150,27.000,22.500,18.750
2021-09-07,10.150,9.650,11.500,10.750,12.500,12.150,27.000,22.500,18.750
2021-09-08,10.150,9.650,11.500,10.750,12.500,12.150,27.000,22.500,18.500
2021-09-09,10.150,9.650,11.500,10.750,12.500,12.150,27.000,22.500,18.500
2021-09-10,10.150,9.650,11.500,10.750,12.500,12.150,27.000,22.500,18.500
2021-09-11,,,,,,,,,
2021-09-12,,,,,,,,,
2021-09-13,10.150,9.650,11.500,10.750,12.500,12.150,27.000,22.500,17.000
2021-09-14,10.150,9.650,11.500,10.750,12.500,12.150,25.500,22.500,17.000
2021-09-15,10.150,9.650,11.500,10.750,12.500,12.150,25.500,22.500,17.000
2021-09-16,10.150,9.650,11.500,10.750,12.500,12.150,25.500,22.500,17.250
2021-09-17,10.150,9.650,11.500,10.750,12.500,12.150,25.500,22.250,16.250
2021-09-18,,,,,,,,,
2021-09-19,,,,,,,,,
2021-09-20,10.150,9.650,11.500,10.750,12.500,12.150,25.500,22.250,18.250
2021-09-21,10.150,9.650,11.500,10.750,12.500,12.150,25.500,22.500,18.750
2021-09-22,10.150,9.650,11.500,10.750,12.500,12.150,25.500,22.250,18.750
2021-09-23,10.150,9.650,11.500,10.750,12.500,12.150,25.500,22.250,20.000
2021-09-24,10.150,9.650,11.500,10.750,12.500,12.150,25.500,21.000,19.500
2021-09-25,,,,,,,,,
2021-09-26,,,,,,,,,
2021-09-27,10.150,9.650,11.500,10.750,12.500,12.150,26.000,21.250,19.250
2021-09-28,10.150,9.650,11.500,10.750,12.500,12.150,26.000,21.250,19.000
2021-09-29,10.150,9.650,11.500,10.750,12.500,12.150,26.000,21.250,19.000
2021-09-30,10.150,9.650,11.500,10.750,12.500,12.150,26.000,21.250,19.000
2021-10-01,10.150,9.650,11.500,10.750,12.500,12.150,26.000,23.750,19.000
2021-10-02,,,,,,,,,
2021-10-03,,,,,,,,,
2021-10-04,10.150,9.650,11.500,10.750,12.500,12.150,25.500,23.750,23.500
2021-10-05,10.150,9.650,11.500,10.750,12.500,12.150,25.500,26.250,24.250
2021-10-06,10.150,9.650,11.500,10.750,12.500,12.150,25.500,26.250,24.500
2021-10-07,10.150,9.650,11.500,10.750,12.500,12.150,25.500,26.250,24.500
2021-10-08,10.150,9.650,11.500,10.750,12.500,12.150,25.500,26.250,24.500
2021-10-09,,,,,,,,,
2021-10-10,,,,,,,,,
2021-10-11,10.150,9.650,11.500,10.750,12.500,12.150,26.500,27.000,24.500
2021-10-12,10.150,9.650,11.500,10.750,12.500,12.150,26.500,27.500,25.000
2021-10-13,10.150,9.650,11.500,10.750,12.500,12.150,26.500,26.250,24.500
2021-10-14,10.150,9.650,11.500,10.750,12.500,12.150,26.500,26.250,25.750
2021-10-15,10.150,9.650,11.500,10.750,12.500,12.150,26.500,26.250,26.250
2021-10-16,,,,,,,,,
2021-10-17,,,,,,,,,
2021-10-18,10.150,9.650,11.900,10.900,12.650,12.150,26.000,28.750,25.000
2021-10-19,10.150,9.650,11.900,10.900,12.650,12.150,26.000,28.500,25.000
2021-10-20,,,,,,,,,
2021-10-21,10.150,9.650,11.900,10.900,12.650,12.150,26.000,28.500,25.000
2021-10-22,10.150,9.650,11.900,10.900,12.650,12.150,26.000,28.500,26.750
2021-10-23,,,,,,,,,
2021-10-24,,,,,,,,,
2021-10-25,10.150,9.650,11.900,10.900,12.650,12.150,26.000,28.750,24.500
2021-10-26,10.150,9.650,11.900,10.900,12.650,12.150,26.000,28.750,23.250
2021-10-27,10.150,9.650,11.900,10.900,12.650,12.150,26.000,28.750,21.750
2021-10-28,10.150,9.650,11.900,10.900,12.650,12.150,26.000,28.750,21.750
2021-10-29,10.150,9.650,11.900,10.900,12.650,12.150,25.000,25.250,21.000
2021-10-30,,,,,,,,,
2021-10-31,,,,,,,,,
2021-11-01,10.150,9.650,11.900,10.900,12.650,12.150,25.000,25.750,19.250
2021-11-02,10.150,9.650,11.900,10.900,12.650,12.150,25.000,24.500,19.250
2021-11-03,10.150,9.650,11.900,10.900,12.650,12.150,25.000,23.250,19.250
2021-11-04,10.150,9.650,11.900,10.900,12.650,12.150,25.000,20.500,18.750
2021-11-05,10.150,9.650,11.900,10.900,12.650,12.150,25.000,20.500,18.750
2021-11-06,,,,,,,,,
2021-11-07,,,,,,,,,
2021-11-08,10.150,9.650,11.900,10.900,12.650,12.150,24.500,21.250,19.250
2021-11-09,10.150,9.650,11.900,10.900,12.650,12.150,24.500,21.250,19.250
2021-11-10,10.150,9.650,11.900,10.900,12.650,12.150,24.500,20.000,18.750
2021-11-11,10.150,9.650,11.900,10.900,12.650,12.150,24.500,20.000,18.750
2021-11-12,10.150,9.650,11.900,10.900,12.650,12.150,24.500,20.000,18.750
2021-11-13,,,,,,,,,
2021-11-14,,,,,,,,,
2021-11-15,10.150,9.650,11.900,10.900,12.650,12.150,24.500,20.000,18.750
2021-11-16,10.150,9.650,11.900,10.900,12.650,12.150,24.500,20.000,18.750
2021-11-17,10.150,9.650,11.900,10.900,12.650,12.150,23.250,20.000,19.250
2021-11-18,10.150,9.650,11.900,10.900,12.650,12.150,23.250,21.500,19.500
2021-11-19,10.150,9.650,11.900,10.900,12.650,12.150,23.250,21.750,19.750
2021-11-20,,,,,,,,,
2021-11-21,,,,,,,,,
2021-11-22,10.150,9.650,11.900,10.900,12.650,12.150,23.250,25.750,25.750
2021-11-23,10.150,9.650,11.900,10.900,12.650,12.150,23.250,27.500,26.750
2021-11-24,10.150,9.650,11.900,10.900,12.650,12.150,23.250,27.500,24.500
2021-11-25,10.150,9.650,11.900,10.900,12.650,12.150,23.250,31.250,25.500
2021-11-26,10.150,9.650,11.900,10.900,12.650,12.150,23.250,37.500,25.500
2021-11-27,,,,,,,,,
2021-11-28,,,,,,,,,
2021-11-29,10.150,9.650,11.900,10.900,12.650,12.150,23.750,48.750,40.000
2021-11-30,10.150,9.650,11.900,10.900,12.650,12.150,23.750,48.750,40.000
2021-12-01,10.150,9.650,11.900,10.900,12.650,12.150,23.750,53.750,42.500
2021-12-02,10.150,9.650,11.900,10.900,12.650,12.150,23.750,51.250,51.250
2021-12-03,10.150,9.650,11.900,10.900,12.650,12.150,23.750,50.000,51.250
2021-12-04,,,,,,,,,
2021-12-05,,,,,,,,,
2021-12-06,10.150,9.650,11.900,10.900,12.650,12.150,23.750,56.250,60.000
2021-12-07,10.150,9.650,11.900,10.900,12.650,12.150,23.750,56.250,60.000
2021-12-08,10.150,9.650,11.900,10.900,12.650,12.150,23.750,56.250,60.000
2021-12-09,10.150,9.650,11.900,10.900,12.650,12.150,24.250,58.750,60.000
2021-12-10,10.150,9.650,11.900,10.900,12.650,12.150,24.250,58.750,60.000
2021-12-11,,,,,,,,,
2021-12-12,,,,,,,,,
2021-12-13,10.150,9.650,11.900,10.900,12.650,12.150,24.750,62.500,72.500
2021-12-14,10.150,9.650,11.900,10.900,12.650,12.150,24.750,62.500,72.500
2021-12-15,10.150,9.650,11.900,10.900,12.650,12.150,24.750,68.750,78.750
2021-12-16,10.150,9.650,11.900,10.900,12.650,12.150,24.750,68.750,78.750
2021-12-17,10.150,9.650,11.900,10.900,12.650,12.150,24.750,67.500,81.250
2021-12-18,,,,,,,,,
2021-12-19,,,,,,,,,
2021-12-20,10.150,9.650,11.900,10.900,12.650,12.150,25.250,67.500,83.250
2021-12-21,10.150,9.650,11.900,10.900,12.650,12.150,25.250,67.000,82.500
2021-12-22,10.150,9.650,11.900,10.900,12.650,12.150,25.250,63.750,82.500
2021-12-23,10.150,9.650,11.900,10.900,12.650,12.150,25.250,63.750,82.500
2021-12-24,10.150,9.650,11.900,10.900,12.650,12.150,25.250,63.750,82.500
2021-12-25,,,,,,,,,
2021-12-26,,,,,,,,,
2021-12-27,10.150,9.650,11.900,11.150,12.650,12.150,26.000,66.250,80.000
2021-12-28,10.150,9.650,11.900,11.150,12.650,12.150,26.000,66.250,80.000
2021-12-29,10.150,9.650,11.900,11.150,12.650,12.150,26.000,62.500,78.750
2021-12-30,10.150,9.650,11.900,11.150,12.650,12.150,26.000,62.500,78.750
2021-12-31,10.150,9.650,11.900,11.150,12.650,12.150,26.000,60.000,47.500
2022-01-01,,,,,,,,,
2022-01-02,,,,,,,,,
2022-01-03,10.150,9.650,11.900,11.150,12.650,12.150,26.250,62.500,73.750
2022-01-04,10.150,9.650,11.900,11.150,12.650,12.150,26.250,62.500,60.000
2022-01-05,10.150,9.650,11.900,11.150,12.650,12.150,26.250,62.500,57.500
2022-01-06,10.150,9.650,11.900,11.150,12.650,12.150,26.250,62.500,47.500
2022-01-07,10.150,9.650,11.900,11.150,12.650,12.150,26.250,58.750,46.250
2022-01-08,,,,,,,,,
2022-01-09,,,,,,,,,
2022-01-10,10.150,9.650,11.900,11.150,12.650,12.150,26.250,55.000,46.250
2022-01-11,10.150,9.650,11.900,11.150,12.650,12.150,26.250,55.000,46.250
2022-01-12,10.150,9.650,11.900,11.150,12.650,12.150,26.250,51.250,44.250
2022-01-13,10.150,9.650,11.900,11.150,12.650,12.150,26.250,48.750,43.000
2022-01-14,10.150,9.650,11.900,11.150,12.650,12.150,26.250,48.750,41.750
2022-01-15,,,,,,,,,
2022-01-16,,,,,,,,,
2022-01-17,10.150,9.650,11.900,11.150,12.650,12.150,26.250,45.000,41.250
2022-01-18,10.150,9.650,11.900,11.150,12.650,12.150,26.250,45.000,41.250
2022-01-19,10.150,9.650,11.900,11.150,12.650,12.150,26.250,45.000,37.500
2022-01-20,10.150,9.650,11.900,11.150,12.650,12.150,26.250,45.000,36.250
2022-01-21,10.150,9.650,11.900,11.150,12.650,12.150,26.250,43.750,35.000
2022-01-22,,,,,,,,,
2022-01-23,,,,,,,,,
2022-01-24,10.150,9.650,11.900,11.150,12.650,12.150,25.750,43.000,27.000
2022-01-25,10.150,9.650,11.900,11.150,12.650,12.150,25.750,43.000,27.000
2022-01-26,10.150,9.650,11.900,11.150,12.650,12.150,25.750,43.000,25.750
2022-01-27,10.150,9.650,11.900,11.150,12.650,12.150,25.750,42.500,25.750
2022-01-28,10.150,9.650,11.900,11.150,12.650,12.150,25.750,42.500,25.750
2022-01-29,,,,,,,,,
2022-01-30,,,,,,,,,
2022-01-31,10.150,9.650,11.900,11.150,12.650,12.150,26.500,42.500,24.250
2022-02-01,,,,,,,,,
2022-02-02,10.150,9.650,11.900,11.150,12.650,12.150,26.500,40.000,24.250
2022-02-03,10.150,9.650,11.900,11.150,12.650,12.150,26.500,37.500,28.250
2022-02-04,10.150,9.650,11.900,11.150,12.650,12.150,26.500,37.500,30.500
2022-02-05,,,,,,,,,
2022-02-06,,,,,,,,,
2022-02-07,10.150,9.650,11.900,11.150,12.650,12.150,29.250,33.750,30.000
2022-02-08,10.150,9.650,11.900,11.150,12.650,12.150,29.250,33.750,30.000
2022-02-09,10.150,9.650,11.900,11.150,12.650,12.150,29.250,35.000,30.500
2022-02-10,10.150,9.650,11.900,11.150,12.650,12.150,29.250,35.000,30.500
2022-02-11,10.150,9.650,11.900,11.150,12.650,12.150,29.250,40.000,30.500
2022-02-12,,,,,,,,,
2022-02-13,,,,,,,,,
2022-02-14,10.150,9.650,11.900,11.150,12.650,12.150,35.000,40.000,31.000
2022-02-15,10.150,9.650,11.900,11.150,12.650,12.150,35.000,40.000,33.750
2022-02-16,10.150,9.650,11.900,11.150,12.650,12.150,35.000,40.000,35.000
2022-02-17,10.150,9.650,11.900,11.150,12.650,12.150,35.000,40.000,35.000
2022-02-18,10.150,9.650,11.900,11.150,12.650,12.150,35.000,40.000,35.000
2022-02-19,,,,,,,,,
2022-02-20,,,,,,,,,
2022-02-21,10.150,9.650,11.900,11.150,12.650,12.150,35.000,41.250,36.250
2022-02-22,10.150,9.650,11.900,11.150,12.650,12.150,35.000,41.250,36.250
2022-02-23,10.150,9.650,11.900,11.150,12.650,12.150,35.000,41.250,36.250
2022-02-24,10.150,9.650,11.900,11.150,12.650,12.150,35.000,41.250,43.250
2022-02-25,10.150,9.650,11.900,11.150,12.650,12.150,35.000,41.250,43.250
2022-02-26,,,,,,,,,
2022-02-27,,,,,,,,,
2022-02-28,,,,,,,,,
2022-03-01,10.150,9.650,11.900,11.150,12.650,12.150,35.000,41.250,58.750
2022-03-02,10.150,9.650,11.900,11.150,12.650,12.150,35.000,41.250,62.500
2022-03-03,,,,,,,,,
2022-03-04,10.150,9.650,11.900,11.150,12.650,12.150,35.000,41.250,62.500
2022-03-05,,,,,,,,,
2022-03-06,,,,,,,,,
2022-03-07,10.150,9.650,11.900,11.150,12.650,12.150,35.000,41.250,67.500
2022-03-08,10.150,9.650,11.900,11.150,12.650,12.150,35.000,41.250,67.500
2022-03-09,10.150,9.650,11.900,11.150,12.650,12.150,35.000,41.250,67.500
2022-03-10,10.150,9.650,11.900,11.150,12.650,12.150,35.000,38.750,61.250
2022-03-11,10.150,9.650,11.900,11.150,12.650,12.150,33.750,38.750,61.250
2022-03-12,,,,,,,,,
2022-03-13,,,,,,,,,
2022-03-14,10.150,9.650,11.900,11.150,12.650,12.150,33.750,37.500,58.750
2022-03-15,10.150,9.650,11.900,11.150,12.650,12.150,33.750,37.500,58.750
2022-03-16,10.150,9.650,11.900,11.150,12.650,12.150,33.750,37.500,53.750
2022-03-17,10.150,9.650,11.900,11.150,12.650,12.150,33.750,37.500,46.250
2022-03-18,10.150,9.650,11.900,11.150,12.650,12.150,33.750,40.500,47.500
2022-03-19,,,,,,,,,
2022-03-20,,,,,,,,,
2022-03-21,10.150,9.650,11.900,11.150,12.650,12.150,33.750,40.500,47.500
2022-03-22,10.150,9.650,11.900,11.150,12.650,12.150,33.750,40.500,42.500
2022-03-23,10.150,9.650,11.900,11.150,12.650,12.150,33.750,40.500,42.500
2022-03-24,10.150,9.650,11.900,11.150,12.650,12.150,33.750,40.500,42.500
2022-03-25,10.150,9.650,11.900,11.150,12.650,12.150,33.750,40.500,42.500
2022-03-26,,,,,,,,,
2022-03-27,,,,,,,,,
2022-03-28,10.150,9.650,11.900,11.150,12.650,12.150,29.500,42.500,40.000
2022-03-29,10.150,9.650,11.900,11.150,12.650,12.150,29.500,42.500,38.750
2022-03-30,10.150,9.650,11.900,11.150,12.650,12.150,29.500,42.500,38.750
2022-03-31,10.150,9.650,11.900,11.150,12.650,12.150,29.500,42.500,43.750
2022-04-01,10.150,9.650,11.900,11.150,12.650,12.150,29.500,40.000,43.750
2022-04-02,,,,,,,,,
2022-04-03,,,,,,,,,
2022-04-04,10.150,9.650,11.900,11.150,12.650,12.150,29.500,43.750,46.250
2022-04-05,10.150,9.650,11.900,11.150,12.650,12.150,28.750,43.750,46.250
2022-04-06,10.150,9.650,11.900,11.150,12.650,12.150,29.250,43.750,43.750
2022-04-07,10.150,9.650,11.900,11.150,12.650,12.150,29.250,43.750,43.750
2022-04-08,10.150,9.650,11.900,11.150,12.650,12.150,29.250,42.500,37.500
2022-04-09,,,,,,,,,
2022-04-10,,,,,,,,,
2022-04-11,10.150,9.650,11.900,11.150,12.650,12.150,29.250,38.500,28.750
2022-04-12,10.150,9.650,11.900,11.150,12.650,12.150,29.250,37.250,28.750
2022-04-13,10.150,9.650,11.900,11.150,12.650,12.150,29.250,37.250,28.750
2022-04-14,10.150,9.650,11.900,11.150,12.650,12.150,29.250,37.250,28.750
2022-04-15,,,,,,,,,
2022-04-16,,,,,,,,,
2022-04-17,,,,,,,,,
2022-04-18,10.150,9.650,11.900,11.150,12.650,12.150,29.250,36.000,31.250
2022-04-19,10.150,9.650,11.900,11.150,12.650,12.150,29.250,36.000,31.250
2022-04-20,10.150,9.650,11.900,11.150,12.650,12.150,29.250,36.000,31.250
2022-04-21,10.150,9.650,11.900,11.150,12.650,12.150,29.250,34.750,28.750
2022-04-22,10.150,9.650,11.900,11.150,12.650,12.150,29.250,34.750,28.750
2022-04-23,,,,,,,,,
2022-04-24,,,,,,,,,
2022-04-25,10.150,9.650,11.900,11.150,12.650,12.150,29.750,40.000,32.500
2022-04-26,10.150,9.650,11.900,11.150,12.650,12.150,29.750,40.000,32.500
2022-04-27,10.150,9.650,11.900,11.150,12.650,12.150,33.000,40.000,32.500
2022-04-28,10.150,9.650,11.900,11.150,12.650,12.150,33.000,40.000,32.500
2022-04-29,,,,,,,,,
2022-04-30,,,,,,,,,
2022-05-01,,,,,,,,,
2022-05-02,,,,,,,,,
2022-05-03,,,,,,,,,
2022-05-04,,,,,,,,,
2022-05-05,,,,,,,,,
2022-05-06,,,,,,,,,
2022-05-07,,,,,,,,,
2022-05-08,,,,,,,,,
2022-05-09,10.150,9.650,11.900,11.150,12.650,12.150,35.750,42.500,36.250
2022-05-10,10.150,9.650,11.900,11.150,12.650,12.150,35.750,41.250,35.000
2022-05-11,10.150,9.650,11.900,11.150,12.650,12.150,35.750,40.000,35.000
2022-05-12,10.150,9.650,11.900,11.150,12.650,12.150,35.750,40.000,33.750
2022-05-13,10.150,9.650,11.900,11.150,12.650,12.150,35.750,38.750,33.750
2022-05-14,,,,,,,,,
2022-05-15,,,,,,,,,
2022-05-16,,,,,,,,,
2022-05-17,10.150,9.650,11.900,11.150,12.650,12.150,38.250,42.500,37.500
2022-05-18,10.150,9.650,11.900,11.150,12.650,12.150,38.250,43.250,40.000
2022-05-19,10.150,9.650,11.900,11.150,12.650,12.150,38.250,43.250,49.250
2022-05-20,10.150,9.650,11.900,11.150,12.650,12.150,38.250,44.500,49.250
2022-05-21,,,,,,,,,
2022-05-22,,,,,,,,,
2022-05-23,10.150,9.650,11.900,11.150,12.650,12.150,37.250,45.000,46.750
2022-05-24,10.150,9.650,11.900,11.150,12.650,12.150,37.250,45.000,50.000
2022-05-25,10.150,9.650,11.900,11.150,12.650,12.150,37.250,47.500,55.000
2022-05-26,,,,,,,,,
2022-05-27,10.150,9.650,11.900,11.150,12.650,12.150,37.250,46.250,57.500
2022-05-28,,,,,,,,,
2022-05-29,,,,,,,,,
2022-05-30,10.150,9.650,11.900,11.150,12.650,12.150,38.500,50.000,58.750
2022-05-31,10.150,9.650,11.900,11.150,12.650,12.150,38.500,50.000,62.000
2022-06-01,,,,,,,,,
2022-06-02,10.150,9.650,11.900,11.150,12.650,12.150,38.500,52.500,63.250
2022-06-03,10.150,9.650,11.900,11.150,12.650,12.150,38.500,52.500,63.250
2022-06-04,,,,,,,,,
2022-06-05,,,,,,,,,
2022-06-06,10.150,9.650,11.900,11.150,12.650,12.150,40.750,65.000,88.750
2022-06-07,10.150,9.650,11.900,11.150,12.650,12.150,40.750,65.000,87.500
2022-06-08,10.150,9.650,11.900,11.150,12.650,12.150,40.750,66.250,90.000
2022-06-09,10.150,9.650,11.900,11.150,12.650,12.150,40.750,66.250,90.000
2022-06-10,10.150,9.650,11.900,11.150,12.650,12.150,40.750,67.500,88.750
2022-06-11,,,,,,,,,
2022-06-12,,,,,,,,,
2022-06-13,10.150,9.650,11.900,11.150,12.650,12.150,48.750,67.500,88.000
2022-06-14,10.150,9.650,11.900,11.150,12.650,12.150,48.750,67.500,90.000
2022-06-15,10.150,9.650,11.900,11.150,12.650,12.150,48.750,67.500,90.000
2022-06-16,10.150,9.650,11.900,11.150,12.650,12.150,48.750,67.500,90.000
2022-06-17,10.150,9.650,11.900,11.150,12.650,12.150,48.750,67.500,88.750
2022-06-18,,,,,,,,,
2022-06-19,,,,,,,,,
2022-06-20,10.150,9.650,11.900,11.150,12.650,12.150,51.250,68.750,88.750
2022-06-21,10.150,9.650,11.900,11.150,12.650,12.150,51.250,68.750,88.750
2022-06-22,10.150,9.650,11.900,11.150,12.650,12.150,51.250,68.750,88.750
2022-06-23,10.150,9.650,11.900,11.150,12.650,12.150,51.250,72.500,91.250
2022-06-24,10.150,9.650,11.900,11.150,12.650,12.150,51.250,72.500,92.500
2022-06-25,,,,,,,,,
2022-06-26,,,,,,,,,
2022-06-27,10.150,9.650,11.900,11.150,12.650,12.150,51.250,72.500,91.250
2022-06-28,10.150,9.650,11.900,11.150,12.650,12.150,51.250,72.500,92.500
2022-06-29,10.150,9.650,11.900,11.150,12.650,12.150,51.250,72.500,92.500
2022-06-30,10.150,9.650,11.900,11.150,12.650,12.150,51.250,72.500,92.500
2022-07-01,10.150,9.650,11.900,11.150,12.650,12.150,55.000,75.000,92.500
2022-07-02,,,,,,,,,
2022-07-03,,,,,,,,,
2022-07-04,10.150,9.650,11.900,11.150,12.650,12.150,57.500,80.000,90.000
2022-07-05,10.150,9.650,11.900,11.150,12.650,12.150,57.500,83.750,91.250
2022-07-06,10.150,9.650,11.900,11.150,12.650,12.150,60.000,83.750,91.250
2022-07-07,10.150,9.650,11.900,11.150,12.650,12.150,60.000,82.500,90.000
2022-07-08,10.150,9.650,11.900,11.150,12.650,12.150,60.000,81.250,88.750
2022-07-09,,,,,,,,,
2022-07-10,,,,,,,,,
2022-07-11,10.150,9.650,11.900,11.150,12.650,12.150,60.000,86.250,91.250
2022-07-12,10.150,9.650,11.900,11.150,12.650,12.150,60.000,83.750,88.000
2022-07-13,10.150,9.650,11.900,11.150,12.650,12.150,60.000,83.750,86.750
2022-07-14,10.150,9.650,11.900,11.150,12.650,12.150,60.000,82.500,83.750
2022-07-15,10.150,9.650,11.900,11.150,12.650,12.150,60.000,78.750,78.750
2022-07-16,,,,,,,,,
2022-07-17,,,,,,,,,
2022-07-18,10.150,9.650,11.900,11.150,12.650,12.150,57.500,65.000,65.000
2022-07-19,10.150,9.650,11.900,11.150,12.650,12.150,60.000,61.250,63.000
2022-07-20,10.150,9.650,11.900,11.150,12.650,12.150,60.000,58.750,60.500
2022-07-21,10.150,9.650,11.900,11.150,12.650,12.150,58.750,58.750,60.000
2022-07-22,10.150,9.650,11.900,11.150,12.650,12.150,58.750,57.500,60.000
2022-07-23,,,,,,,,,
2022-07-24,,,,,,,,,
2022-07-25,10.150,9.650,11.900,11.150,12.650,12.150,53.750,57.500,60.000
2022-07-26,10.150,9.650,11.900,11.150,12.650,12.150,48.750,57.500,60.000
2022-07-27,10.150,9.650,11.900,11.150,12.650,12.150,48.750,55.000,58.750
2022-07-28,10.150,9.650,11.900,11.150,12.650,12.150,42.500,51.250,56.250
2022-07-29,10.150,9.650,11.900,11.150,12.650,12.150,42.500,51.250,55.000
2022-07-30,,,,,,,,,
2022-07-31,,,,,,,,,
2022-08-01,10.150,9.650,11.900,11.150,12.650,12.150,41.000,51.250,55.000
2022-08-02,10.150,9.650,11.900,11.150,12.650,12.150,39.750,51.250,53.750
2022-08-03,10.150,9.650,11.900,11.150,12.650,12.150,38.500,48.750,53.750
2022-08-04,10.150,9.650,11.900,11.150,12.650,12.150,38.500,48.750,53.750
2022-08-05,10.150,9.650,11.900,11.150,12.650,12.150,38.500,48.750,53.750
2022-08-06,,,,,,,,,
2022-08-07,,,,,,,,,
2022-08-08,10.150,9.650,11.900,11.150,12.650,12.150,37.500,46.250,53.750
2022-08-09,10.150,9.650,11.900,11.150,12.650,12.150,37.500,46.250,52.000
2022-08-10,10.150,9.650,11.900,11.150,12.650,12.150,37.500,46.250,52.000
2022-08-11,10.150,9.650,11.900,11.150,12.650,12.150,37.500,46.250,50.000
2022-08-12,10.150,9.650,11.900,11.150,12.650,12.150,37.500,45.000,42.500
2022-08-13,,,,,,,,,
2022-08-14,,,,,,,,,
2022-08-15,10.150,9.650,11.900,11.150,12.650,12.150,37.000,45.000,38.750
2022-08-16,10.150,9.650,11.900,11.150,12.650,12.150,37.000,45.000,38.750
2022-08-17,,,,,,,,,
2022-08-18,10.150,9.650,11.900,11.150,12.650,12.150,37.000,45.000,38.750
2022-08-19,10.150,9.650,11.900,11.150,12.650,12.150,37.000,45.000,38.750
2022-08-20,,,,,,,,,
2022-08-21,,,,,,,,,
2022-08-22,10.150,9.650,11.900,11.150,12.650,12.150,35.500,45.000,35.000
2022-08-23,10.150,9.650,11.900,11.150,12.650,12.150,35.500,43.750,35.000
2022-08-24,10.150,9.650,11.900,11.150,12.650,12.150,35.500,43.750,35.000
2022-08-25,10.150,9.650,11.900,11.150,12.650,12.150,35.500,43.750,33.750
2022-08-26,10.150,9.650,11.900,11.150,12.650,12.150,35.500,43.750,33.750
2022-08-27,,,,,,,,,
2022-08-28,,,,,,,,,
2022-08-29,10.150,9.650,11.900,11.150,12.650,12.150,35.500,42.500,38.750
2022-08-30,10.150,9.650,11.900,11.150,12.650,12.150,30.500,45.000,38.750
2022-08-31,10.150,9.650,11.900,11.150,12.650,12.150,30.500,45.000,38.750
2022-09-01,10.150,9.650,11.900,11.150,12.650,12.150,30.500,45.000,38.750
2022-09-02,10.150,9.650,11.900,11.150,12.650,12.150,30.500,45.000,41.500
2022-09-03,,,,,,,,,
2022-09-04,,,,,,,,,
2022-09-05,10.150,9.650,11.900,11.150,12.650,12.150,30.500,46.250,49.000
2022-09-06,10.150,9.650,11.900,11.150,12.650,12.150,30.500,47.500,51.250
2022-09-07,10.150,9.650,11.900,11.150,12.650,12.150,30.500,47.500,51.250
2022-09-08,10.150,9.650,11.900,11.150,12.650,12.150,30.500,47.500,52.500
2022-09-09,10.150,9.650,11.900,11.150,12.650,12.150,30.500,47.500,52.500
2022-09-10,,,,,,,,,
2022-09-11,,,,,,,,,
2022-09-12,10.150,9.650,11.900,11.150,12.650,12.150,30.500,46.250,53.750
2022-09-13,10.400,9.900,12.000,11.400,12.650,12.250,30.500,46.250,53.750
2022-09-14,10.400,9.900,12.000,11.400,12.650,12.250,30.500,46.250,53.750
2022-09-15,10.400,9.900,12.000,11.400,12.650,12.250,30.500,46.250,53.750
2022-09-16,10.400,9.900,12.000,11.400,12.650,12.250,30.500,45.000,58.750
2022-09-17,,,,,,,,,
2022-09-18,,,,,,,,,
2022-09-19,10.400,9.900,12.000,11.400,12.650,12.250,30.000,46.250,65.000
2022-09-20,10.400,9.900,12.000,11.400,12.650,12.250,30.000,46.250,63.750
2022-09-21,10.400,9.900,12.000,11.400,12.650,12.250,30.000,46.250,62.500
2022-09-22,10.400,9.900,12.000,11.400,12.650,12.250,30.000,46.250,62.500
2022-09-23,10.400,9.900,12.000,11.400,12.650,12.250,30.000,45.000,62.500
2022-09-24,,,,,,,,,
2022-09-25,,,,,,,,,
2022-09-26,10.400,9.900,12.000,11.400,12.650,12.250,30.000,45.000,57.500
2022-09-27,10.400,9.900,12.000,11.400,12.650,12.250,30.000,45.000,57.500
2022-09-28,10.400,9.900,12.000,11.400,12.650,12.250,30.000,45.000,57.500
2022-09-29,10.400,9.900,12.000,11.400,12.650,12.250,30.000,45.000,60.000
2022-09-30,10.400,9.900,12.000,11.400,12.650,12.250,30.000,45.000,60.000
2022-10-01,,,,,,,,,
2022-10-02,,,,,,,,,
2022-10-03,10.400,9.900,12.000,11.400,12.650,12.250,29.750,38.750,55.000
2022-10-04,10.400,9.900,12.000,11.400,12.650,12.250,29.750,38.750,55.000
2022-10-05,10.400,9.900,12.000,11.400,12.650,12.250,29.750,38.750,55.000
2022-10-06,10.400,9.900,12.000,11.400,12.650,12.250,29.750,38.750,53.750
2022-10-07,10.400,9.900,12.000,11.400,12.650,12.250,29.750,38.750,53.750
2022-10-08,,,,,,,,,
2022-10-09,,,,,,,,,
2022-10-10,10.400,9.900,12.000,11.400,12.650,12.250,29.750,33.750,50.000
2022-10-11,10.400,9.900,12.000,11.400,12.650,12.250,29.000,33.750,53.750
2022-10-12,10.400,9.900,12.000,11.400,12.650,12.250,29.000,33.750,50.000
2022-10-13,10.400,9.900,12.000,11.400,12.650,12.250,29.000,32.500,49.250
2022-10-14,10.400,9.900,12.000,11.400,12.650,12.250,29.000,32.500,46.250
2022-10-15,,,,,,,,,
2022-10-16,,,,,,,,,
2022-10-17,10.400,9.900,12.000,11.400,12.650,12.250,29.500,26.250,40.250
2022-10-18,10.400,9.900,12.000,11.400,12.650,12.250,29.000,26.250,40.250
2022-10-19,10.400,9.900,12.000,11.400,12.650,12.250,29.000,26.250,40.250
2022-10-20,10.400,9.900,12.000,11.400,12.650,12.250,29.000,26.250,40.250
2022-10-21,10.400,9.900,12.000,11.400,12.650,12.250,29.000,26.250,40.250
2022-10-22,,,,,,,,,
2022-10-23,,,,,,,,,
2022-10-24,10.400,9.900,12.000,11.400,12.650,12.250,29.500,26.250,36.250
2022-10-25,10.400,9.900,12.000,11.400,12.650,12.250,29.500,26.250,36.250
2022-10-26,10.400,9.900,12.000,11.400,12.650,12.250,29.500,26.250,38.750
2022-10-27,10.400,9.900,12.000,11.400,12.650,12.250,29.500,27.500,38.750
2022-10-28,10.400,9.900,12.000,11.400,12.650,12.250,29.500,26.250,37.500
2022-10-29,,,,,,,,,
2022-10-30,,,,,,,,,
2022-10-31,10.400,9.900,12.000,11.400,12.650,12.250,31.750,25.000,36.250
2022-11-01,10.400,9.900,12.000,11.400,12.650,12.250,31.750,25.000,35.000
2022-11-02,10.400,9.900,12.000,11.400,12.650,12.250,31.750,25.000,35.000
2022-11-03,10.400,9.900,12.000,11.400,12.650,12.250,31.750,25.000,33.750
2022-11-04,10.400,9.900,12.000,11.400,12.650,12.250,31.750,26.250,33.750
2022-11-05,,,,,,,,,
2022-11-06,,,,,,,,,
2022-11-07,10.400,9.900,12.000,11.400,12.650,12.250,29.500,28.750,32.500
2022-11-08,10.400,9.900,12.000,11.400,12.650,12.250,29.500,28.750,31.750
2022-11-09,10.400,9.900,12.000,11.400,12.650,12.250,29.500,28.750,31.750
2022-11-10,10.400,9.900,12.000,11.400,12.650,12.250,29.500,28.750,31.750
2022-11-11,10.400,9.900,12.000,11.400,12.650,12.250,29.500,30.000,31.750
2022-11-12,,,,,,,,,
2022-11-13,,,,,,,,,
2022-11-14,10.650,10.150,12.250,11.650,13.000,12.650,30.000,32.750,30.000
2022-11-15,10.650,10.150,12.250,11.650,13.000,12.650,30.000,32.750,31.250
2022-11-16,10.650,10.150,12.250,11.650,13.000,12.650,30.000,32.750,31.250
2022-11-17,10.650,10.150,12.250,11.650,13.000,12.650,30.000,31.500,32.500
2022-11-18,10.650,10.150,12.250,11.650,13.000,12.650,30.000,31.500,32.500
2022-11-19,,,,,,,,,
2022-11-20,,,,,,,,,
2022-11-21,10.650,10.150,12.250,11.650,13.000,12.650,30.000,31.500,33.750
2022-11-22,10.650,10.150,12.250,11.650,13.000,12.650,30.000,31.500,33.750
2022-11-23,10.650,10.150,12.250,11.650,13.000,12.650,30.000,31.500,33.750
2022-11-24,10.650,10.150,12.250,11.650,13.000,12.650,30.000,31.500,33.750
2022-11-25,10.650,10.150,12.250,11.650,13.000,12.650,30.000,31.500,33.750
2022-11-26,,,,,,,,,
2022-11-27,,,,,,,,,
2022-11-28,10.650,10.150,12.250,11.650,13.000,12.650,30.000,33.750,33.750
2022-11-29,10.650,10.150,12.250,11.650,13.000,12.650,30.000,33.750,32.500
2022-11-30,10.650,10.150,12.250,11.650,13.000,12.650,30.000,33.750,36.250
2022-12-01,10.650,10.150,12.250,11.650,13.000,12.650,30.000,37.500,37.500
2022-12-02,10.700,10.150,12.250,11.650,13.000,12.650,30.000,43.750,42.500
2022-12-03,,,,,,,,,
2022-12-04,,,,,,,,,
2022-12-05,10.950,10.400,12.500,11.900,13.400,12.900,30.000,46.250,41.750
2022-12-06,10.950,10.400,12.500,11.900,13.400,12.900,30.750,48.750,43.250
2022-12-07,10.900,10.650,12.650,12.250,13.400,12.900,30.750,48.750,47.000
2022-12-08,10.900,10.650,12.650,12.250,13.400,12.900,30.750,48.750,47.000
2022-12-09,11.200,10.650,12.750,12.250,13.400,12.900,30.750,53.750,47.000
2022-12-10,,,,,,,,,
2022-12-11,,,,,,,,,
2022-12-12,11.400,10.750,12.750,12.250,13.500,13.000,31.250,60.000,47.000
2022-12-13,11.400,10.750,12.750,12.250,13.500,13.000,31.250,60.000,45.750
2022-12-14,11.400,10.750,12.750,12.250,13.500,13.000,31.250,60.000,45.750
2022-12-15,11.400,10.750,12.750,12.250,13.500,13.000,31.250,60.000,45.750
2022-12-16,11.400,10.750,12.750,12.250,13.500,13.000,31.250,60.000,45.750
2022-12-17,,,,,,,,,
2022-12-18,,,,,,,,,
2022-12-19,11.400,10.750,12.750,12.250,13.500,13.000,31.250,57.500,39.500
2022-12-20,11.400,10.750,12.750,12.250,13.500,13.000,31.250,58.750,37.000
2022-12-21,11.400,10.750,12.750,12.250,13.500,13.000,31.250,58.750,37.000
2022-12-22,11.400,10.750,12.750,12.250,13.500,13.000,31.250,58.750,37.000
2022-12-23,11.400,10.750,12.750,12.250,13.650,13.000,31.250,60.000,38.750
2022-12-24,,,,,,,,,
2022-12-25,,,,,,,,,
2022-12-26,11.400,10.750,12.750,12.250,13.650,13.000,30.750,60.000,43.750
2022-12-27,11.400,10.750,12.750,12.250,13.650,13.000,30.750,60.000,43.750
2022-12-28,11.400,10.750,12.750,12.250,13.650,13.000,30.750,57.500,43.750
2022-12-29,11.400,10.750,12.750,12.250,13.650,13.000,30.750,57.500,43.750
2022-12-30,11.400,10.750,12.750,12.250,13.650,13.000,30.750,57.500,47.500
2022-12-31,,,,,,,,,
2023-01-01,,,,,,,,,
2023-01-02,11.400,10.750,12.750,12.250,13.650,13.000,31.250,57.500,56.250
2023-01-03,11.400,10.750,12.750,12.250,13.650,13.000,31.250,60.000,66.250
2023-01-04,11.400,10.750,12.750,12.250,13.650,13.000,31.250,61.250,67.500
2023-01-05,11.400,10.750,12.750,12.250,13.650,13.000,31.250,57.500,61.250
2023-01-06,11.400,10.750,12.750,12.250,13.650,13.000,31.250,56.250,58.750
2023-01-07,,,,,,,,,
2023-01-08,,,,,,,,,
2023-01-09,11.400,10.750,12.750,12.250,13.650,13.000,31.250,57.500,60.000
2023-01-10,11.400,10.750,12.750,12.250,13.650,13.000,31.250,57.500,60.000
2023-01-11,11.400,10.750,12.750,12.250,13.650,13.000,31.250,57.500,58.750
2023-01-12,11.400,10.750,12.750,12.250,13.650,13.000,31.250,57.500,58.750
2023-01-13,11.400,10.750,12.750,12.250,13.650,13.000,31.250,57.500,56.250
2023-01-14,,,,,,,,,
2023-01-15,,,,,,,,,
2023-01-16,11.500,11.000,13.000,12.500,13.750,13.400,36.000,56.250,52.500
2023-01-17,11.500,11.000,13.000,12.500,13.750,13.400,36.500,56.250,52.500
2023-01-18,11.500,11.000,13.000,12.500,13.750,13.400,36.500,56.250,50.000
2023-01-19,11.500,11.000,13.000,12.500,13.750,13.400,36.500,57.500,51.250
2023-01-20,11.500,11.000,13.000,12.500,13.750,13.400,36.500,56.250,51.250
2023-01-21,,,,,,,,,
2023-01-22,,,,,,,,,
2023-01-23,11.500,11.000,13.000,12.500,13.750,13.400,36.500,56.250,51.250
2023-01-24,11.500,11.000,13.000,12.500,13.750,13.400,36.750,55.000,48.750
2023-01-25,11.500,11.000,13.000,12.500,13.750,13.400,36.750,55.000,51.250
2023-01-26,11.500,11.000,13.000,12.500,13.750,13.400,36.750,52.500,52.500
2023-01-27,11.500,11.000,13.000,12.500,13.750,13.400,38.500,53.750,52.500
2023-01-28,,,,,,,,,
2023-01-29,,,,,,,,,
2023-01-30,11.500,11.000,13.000,12.500,13.750,13.400,41.250,50.000,51.250
2023-01-31,11.500,11.000,13.000,12.500,13.750,13.400,41.500,48.750,50.000
2023-02-01,11.500,11.000,13.000,12.500,13.750,13.400,41.500,48.750,48.750
2023-02-02,11.500,11.000,13.000,12.500,13.750,13.400,41.500,46.250,47.500
2023-02-03,11.500,11.000,13.000,12.500,13.750,13.400,41.500,46.250,47.500
2023-02-04,,,,,,,,,
2023-02-05,,,,,,,,,
2023-02-06,11.750,11.000,13.250,12.650,14.250,13.400,42.500,47.500,57.500
2023-02-07,11.900,11.000,13.400,12.900,14.250,13.400,42.500,47.500,58.750
2023-02-08,11.900,11.000,13.400,12.900,14.250,13.400,42.500,47.500,58.750
2023-02-09,11.900,11.000,13.400,12.900,14.250,13.400,42.500,46.250,58.750
2023-02-10,11.900,11.000,13.400,12.900,14.250,13.400,42.500,46.250,58.750
2023-02-11,,,,,,,,,
2023-02-12,,,,,,,,,
2023-02-13,11.900,11.000,13.400,12.900,14.250,13.400,41.750,56.250,60.000
2023-02-14,12.150,11.250,13.650,13.150,14.650,13.650,41.750,56.250,61.250
2023-02-15,12.150,11.250,13.650,13.150,14.650,13.650,41.750,55.000,61.250
2023-02-16,12.150,11.250,13.650,13.150,14.650,13.650,41.750,55.000,66.250
2023-02-17,12.150,11.250,13.650,13.150,14.650,13.650,41.750,55.000,67.500
2023-02-18,,,,,,,,,
2023-02-19,,,,,,,,,
2023-02-20,12.150,11.250,13.650,13.150,14.650,13.650,41.750,55.000,63.750
2023-02-21,12.150,11.250,13.650,13.150,14.650,13.650,41.750,55.000,65.000
2023-02-22,12.150,11.250,13.650,13.150,14.650,13.650,41.750,57.500,63.750
2023-02-23,12.150,11.250,13.650,13.150,14.650,13.650,41.750,57.500,63.750
2023-02-24,12.150,11.250,13.650,13.150,14.650,13.650,41.750,56.250,65.000
2023-02-25,,,,,,,,,
2023-02-26,,,,,,,,,
2023-02-27,12.150,11.250,13.650,13.150,14.650,13.650,35.000,56.250,62.500
2023-02-28,12.150,11.250,13.650,13.150,14.650,13.650,35.000,56.250,62.500
2023-03-01,12.150,11.250,13.650,13.150,14.650,13.650,35.000,56.250,61.250
2023-03-02,12.150,11.250,13.650,13.150,14.650,13.650,35.000,56.250,61.250
2023-03-03,12.150,11.250,13.650,13.150,14.650,13.650,35.000,56.250,66.250
2023-03-04,,,,,,,,,
2023-03-05,,,,,,,,,
2023-03-06,12.150,11.250,13.650,13.150,14.650,13.650,40.000,56.250,66.250
2023-03-07,12.150,11.250,13.650,13.150,14.650,13.650,40.000,56.250,66.250
2023-03-08,12.150,11.250,13.650,13.150,14.650,13.650,40.000,53.750,65.000
2023-03-09,12.150,11.250,13.650,13.150,14.650,13.650,40.000,53.750,65.000
2023-03-10,12.150,11.250,13.650,13.150,14.650,13.650,40.000,55.000,70.000
2023-03-11,,,,,,,,,
2023-03-12,,,,,,,,,
2023-03-13,12.150,11.250,13.650,13.150,14.650,13.650,38.250,52.500,72.500
2023-03-14,12.150,11.250,13.650,13.150,14.650,13.650,38.250,53.750,72.500
2023-03-15,12.150,11.250,13.650,13.150,14.650,13.650,37.500,53.750,72.500
2023-03-16,12.150,11.250,13.650,13.150,14.650,13.650,37.500,55.000,73.750
2023-03-17,12.150,11.250,13.650,13.150,14.650,13.650,37.500,55.000,73.750
2023-03-18,,,,,,,,,
2023-03-19,,,,,,,,,
2023-03-20,12.150,11.250,13.650,13.150,14.650,13.650,36.250,56.250,83.250
2023-03-21,12.150,11.250,13.650,13.150,14.650,13.650,36.250,56.250,83.250
2023-03-22,12.150,11.250,13.650,13.150,14.650,13.650,36.250,56.250,83.250
2023-03-23,12.150,11.250,13.650,13.150,14.650,13.650,36.250,56.250,83.250
2023-03-24,12.150,11.250,13.650,13.150,14.650,13.650,36.250,53.750,76.250
2023-03-25,,,,,,,,,
2023-03-26,,,,,,,,,
2023-03-27,12.150,11.250,13.650,13.150,14.650,13.650,31.750,56.250,71.250
2023-03-28,12.150,11.250,13.650,13.150,14.650,13.650,31.750,56.250,62.500
2023-03-29,12.150,11.250,13.650,13.150,14.650,13.650,31.750,53.750,57.500
2023-03-30,12.150,11.250,13.650,13.150,14.650,13.650,31.750,53.750,55.000
2023-03-31,12.150,11.250,13.650,13.150,14.650,13.650,31.750,55.000,58.750
2023-04-01,,,,,,,,,
2023-04-02,,,,,,,,,
2023-04-03,12.150,11.250,13.650,13.150,14.650,13.650,31.250,51.250,52.500
2023-04-04,12.150,11.250,13.650,13.150,14.650,13.650,31.250,51.250,52.500
2023-04-05,12.150,11.250,13.650,13.150,14.650,13.650,31.250,51.250,52.500
2023-04-06,12.150,11.250,13.650,13.150,14.650,13.650,30.750,51.250,52.500
2023-04-07,12.000,11.500,14.000,13.250,14.500,13.750,31.500,55.000,65.000
2023-04-08,,,,,,,,,
2023-04-09,,,,,,,,,
2023-04-10,12.150,11.250,13.650,13.150,14.650,13.650,31.250,44.500,37.500
2023-04-11,12.150,11.250,13.650,13.150,14.650,13.650,31.250,44.500,37.500
2023-04-12,12.150,11.250,13.650,13.150,14.650,13.650,31.250,44.500,37.500
2023-04-13,12.150,11.250,13.650,13.150,14.650,13.650,31.250,44.500,37.500
2023-04-14,12.150,11.250,13.650,13.150,14.650,13.650,31.250,45.000,38.750
2023-04-15,,,,,,,,,
2023-04-16,,,,,,,,,
2023-04-17,12.150,11.250,13.650,13.150,14.650,13.650,32.500,45.000,33.750
2023-04-18,12.150,11.250,13.650,13.150,14.650,13.650,33.500,45.000,38.750
2023-04-19,12.150,11.250,13.650,13.150,14.650,13.650,33.500,45.000,38.750
2023-04-20,12.150,11.250,13.650,13.150,14.650,13.650,33.500,45.000,38.750
2023-04-21,12.150,11.250,13.650,13.150,14.650,13.650,33.500,45.000,38.750
2023-04-22,,,,,,,,,
2023-04-23,,,,,,,,,
2023-04-24,12.150,11.250,13.650,13.150,14.650,13.650,33.500,45.000,38.750
2023-04-25,12.150,11.250,13.650,13.150,14.650,13.650,33.500,45.000,38.750
2023-04-26,12.150,11.250,13.650,13.150,14.650,13.650,32.500,45.000,33.750
2023-04-27,12.150,11.250,13.650,13.150,14.650,13.650,38.000,45.000,25.000
2023-04-28,12.150,11.250,13.650,13.150,14.650,13.650,38.000,45.000,23.750
2023-04-29,,,,,,,,,
2023-04-30,,,,,,,,,
2023-05-01,12.000,11.500,14.000,13.250,14.500,13.750,38.500,45.000,27.500
2023-05-02,12.150,11.250,13.650,13.150,14.650,13.650,38.000,33.750,23.750
2023-05-03,12.150,11.250,13.650,13.150,14.650,13.650,38.000,33.750,23.750
2023-05-04,12.150,11.250,13.650,13.150,14.650,13.650,38.000,33.750,25.000
2023-05-05,12.150,11.250,13.650,13.150,14.650,13.650,38.000,33.750,25.000
2023-05-06,,,,,,,,,
2023-05-07,,,,,,,,,
2023-05-08,12.150,11.250,13.650,13.150,14.650,13.650,39.250,33.750,31.250
2023-05-09,12.150,11.250,13.650,13.150,14.650,13.650,39.250,33.750,31.250
2023-05-10,12.150,11.250,13.650,13.150,14.650,13.650,39.250,31.250,32.500
2023-05-11,12.150,11.250,13.650,13.150,14.650,13.650,39.250,31.250,32.500
2023-05-12,12.150,11.250,13.650,13.150,14.650,13.650,39.250,31.250,32.500
2023-05-13,,,,,,,,,
2023-05-14,,,,,,,,,
2023-05-15,12.150,11.250,13.650,13.150,14.650,13.650,39.250,33.750,32.500
2023-05-16,12.150,11.250,13.650,13.150,14.650,13.650,39.250,33.750,32.500
2023-05-17,12.150,11.250,13.650,13.150,14.650,13.650,39.250,33.750,32.500
2023-05-18,12.150,11.250,13.650,13.150,14.650,13.650,39.250,33.750,32.500
2023-05-19,12.150,11.250,13.650,13.150,14.650,13.650,39.250,33.750,32.500
2023-05-20,,,,,,,,,
2023-05-21,,,,,,,,,
2023-05-22,12.150,11.250,13.650,13.150,14.650,13.650,39.250,35.000,38.750
2023-05-23,12.150,11.250,13.650,13.150,14.650,13.650,39.250,37.500,41.250
2023-05-24,12.150,11.250,13.650,13.150,14.650,13.650,39.250,37.500,40.000
2023-05-25,12.150,11.250,13.650,13.150,14.650,13.650,39.250,37.500,36.250
2023-05-26,12.150,11.250,13.650,13.150,14.650,13.650,39.250,37.500,36.250
2023-05-27,,,,,,,,,
2023-05-28,,,,,,,,,
2023-05-29,12.150,11.250,13.650,13.150,14.650,13.650,39.250,37.500,37.500
2023-05-30,12.150,11.250,13.650,13.150,14.650,13.650,39.250,37.500,37.500
2023-05-31,12.150,11.250,13.650,13.150,14.650,13.650,39.250,37.500,37.500
2023-06-01,12.150,11.250,13.650,13.150,14.650,13.650,39.250,37.500,37.500
2023-06-02,12.150,11.250,13.650,13.150,14.650,13.650,39.250,37.500,37.500
2023-06-03,,,,,,,,,
2023-06-04,,,,,,,,,
2023-06-05,12.150,11.250,13.650,13.150,14.650,13.650,39.250,41.250,40.500
2023-06-06,12.150,11.250,13.650,13.150,14.650,13.650,39.250,41.250,41.750
2023-06-07,12.150,11.250,13.650,13.150,14.650,13.650,39.250,40.000,41.250
2023-06-08,12.150,11.250,13.650,13.150,14.650,13.650,39.250,40.000,41.250
2023-06-09,12.150,11.250,13.650,13.150,14.650,13.650,39.250,40.000,38.750
2023-06-10,,,,,,,,,
2023-06-11,,,,,,,,,
2023-06-12,12.150,11.250,13.650,13.150,14.650,13.650,39.250,38.750,37.500
2023-06-13,12.150,11.250,13.650,13.150,14.650,13.650,39.250,38.750,36.250
2023-06-14,12.150,11.250,13.650,13.150,14.650,13.650,39.250,38.750,37.500
2023-06-15,12.150,11.250,13.650,13.150,14.650,13.650,39.250,38.750,36.250
2023-06-16,12.150,11.250,13.650,13.150,14.650,13.650,39.250,38.750,36.250
2023-06-17,,,,,,,,,
2023-06-18,,,,,,,,,
2023-06-19,12.150,11.250,13.650,13.150,14.650,13.650,39.250,36.250,30.000
2023-06-20,12.150,11.250,13.650,13.150,14.650,13.650,39.250,35.000,30.000
2023-06-21,12.150,11.250,13.650,13.150,14.650,13.650,39.250,35.000,30.000
2023-06-22,12.150,11.250,13.650,13.150,14.650,13.650,39.250,36.250,30.000
2023-06-23,12.150,11.250,13.650,13.150,14.650,13.650,39.250,36.250,30.000
2023-06-24,,,,,,,,,
2023-06-25,,,,,,,,,
2023-06-26,12.150,11.250,13.650,13.150,14.650,13.650,39.250,36.250,32.500
2023-06-27,12.150,11.250,13.650,13.150,14.650,13.650,39.250,38.750,32.500
2023-06-28,12.150,11.250,13.650,13.150,14.650,13.650,39.250,38.750,32.500
2023-06-29,12.150,11.250,13.650,13.150,14.650,13.650,39.250,38.750,32.500
2023-06-30,12.150,11.250,13.650,13.150,14.650,13.650,39.250,38.750,32.500
2023-07-01,,,,,,,,,
2023-07-02,,,,,,,,,
2023-07-03,12.150,11.250,13.650,13.150,14.650,13.650,37.500,41.250,28.250
2023-07-04,12.150,11.250,13.650,13.150,14.650,13.650,37.500,41.250,29.000
2023-07-05,12.150,11.250,13.650,13.150,14.650,13.650,37.500,41.250,29.000
2023-07-06,12.150,11.250,13.650,13.150,14.650,13.650,37.500,41.250,27.000
2023-07-07,12.150,11.250,13.650,13.150,14.650,13.650,37.500,41.250,23.750
2023-07-08,,,,,,,,,
2023-07-09,,,,,,,,,
2023-07-10,12.150,11.250,13.650,13.150,14.650,13.650,34.750,40.000,23.750
2023-07-11,12.150,11.250,13.650,13.150,14.650,13.650,35.500,41.250,24.750
2023-07-12,12.150,11.250,13.650,13.150,14.650,13.650,35.500,38.750,24.750
2023-07-13,12.150,11.250,13.650,13.150,14.650,13.650,35.500,38.750,24.750
2023-07-14,12.150,11.250,13.650,13.150,14.650,13.650,35.500,38.750,24.750
2023-07-15,,,,,,,,,
2023-07-16,,,,,,,,,
2023-07-17,12.150,11.250,13.650,13.150,14.650,13.650,33.500,37.500,24.750
2023-07-18,12.150,11.250,13.650,13.150,14.650,13.650,33.500,37.500,24.750
2023-07-19,12.150,11.250,13.650,13.150,14.650,13.650,33.500,37.500,24.750
2023-07-20,12.150,11.250,13.650,13.150,14.650,13.650,30.500,37.500,27.000
2023-07-21,12.150,11.250,13.650,13.150,14.650,13.650,30.500,37.500,27.000
2023-07-22,,,,,,,,,
2023-07-23,,,,,,,,,
2023-07-24,12.150,11.250,13.650,13.150,14.650,13.650,30.500,37.500,27.000
2023-07-25,12.150,11.250,13.500,13.150,14.650,13.650,30.500,37.500,29.250
2023-07-26,12.150,11.250,13.500,13.150,14.650,13.650,30.500,37.500,29.250
2023-07-27,12.150,11.250,13.500,13.150,14.650,13.650,30.500,37.500,28.250
2023-07-28,12.150,11.250,13.500,13.150,14.650,13.650,30.500,37.500,28.250
2023-07-29,,,,,,,,,
2023-07-30,,,,,,,,,
2023-07-31,12.150,11.250,13.500,13.150,14.650,13.650,30.500,37.500,30.000
2023-08-01,12.150,11.250,13.500,13.150,14.650,13.650,29.500,37.500,32.000
2023-08-02,12.150,11.250,13.500,13.150,14.650,13.650,29.500,37.500,31.250
2023-08-03,12.150,11.250,13.500,13.150,14.650,13.650,29.500,37.500,32.500
2023-08-04,12.150,11.250,13.500,13.150,14.650,13.650,29.500,37.500,32.500
2023-08-05,,,,,,,,,
2023-08-06,,,,,,,,,
2023-08-07,12.150,11.250,13.500,13.150,14.650,13.650,28.000,37.000,37.000
2023-08-08,12.150,11.250,13.500,13.150,14.650,13.650,28.000,37.000,37.000
2023-08-09,12.150,11.250,13.500,13.150,14.650,13.650,28.000,35.000,37.000
2023-08-10,12.150,11.250,13.500,13.150,14.650,13.650,28.000,35.000,37.000
2023-08-11,12.150,11.250,13.500,13.150,14.650,13.650,28.000,32.500,37.500
2023-08-12,,,,,,,,,
2023-08-13,,,,,,,,,
2023-08-14,12.150,11.250,13.500,13.150,14.650,13.650,27.500,33.750,37.500
2023-08-15,12.150,11.250,13.500,13.150,14.650,13.650,27.500,33.750,41.250
2023-08-16,12.150,11.250,13.500,13.150,14.650,13.650,27.500,33.750,42.500
2023-08-17,12.150,11.250,13.500,13.150,14.650,13.650,27.500,33.750,42.500
2023-08-18,12.150,11.250,13.500,13.150,14.650,13.650,27.500,33.750,42.500
2023-08-19,,,,,,,,,
2023-08-20,,,,,,,,,
2023-08-21,12.150,11.250,13.500,13.150,14.650,13.650,27.500,33.750,42.250
2023-08-22,12.400,11.500,13.750,13.400,14.900,13.900,28.250,33.750,42.250
2023-08-23,12.400,11.650,13.750,13.400,15.250,14.400,28.250,32.500,40.000
2023-08-24,12.400,11.650,13.750,13.400,15.250,14.400,28.250,32.500,40.000
2023-08-25,12.400,11.900,14.000,13.500,15.500,14.400,28.250,32.500,38.750
2023-08-26,,,,,,,,,
2023-08-27,,,,,,,,,
2023-08-28,12.400,11.900,13.900,13.400,15.500,14.400,28.250,32.500,37.500
2023-08-29,12.400,11.900,13.900,13.400,15.500,14.400,28.250,32.500,37.500
2023-08-30,12.400,11.900,13.900,13.400,15.500,14.400,28.250,32.500,37.500
2023-08-31,12.400,11.900,13.900,13.400,15.500,14.400,26.750,31.250,35.500
2023-09-01,12.400,11.900,13.900,13.400,15.500,14.400,26.750,31.250,35.000
2023-09-02,,,,,,,,,
2023-09-03,,,,,,,,,
2023-09-04,12.400,11.900,13.900,13.400,15.500,14.400,26.750,31.250,34.000
2023-09-05,12.400,11.900,13.900,13.400,15.500,14.400,26.250,32.500,31.500
2023-09-06,12.400,11.900,14.000,13.400,15.500,14.400,26.250,32.500,31.250
2023-09-07,12.400,11.900,14.000,13.400,15.500,14.400,26.250,32.500,31.250
2023-09-08,12.400,11.900,14.000,13.400,15.500,14.400,26.250,32.500,31.250
2023-09-09,,,,,,,,,
2023-09-10,,,,,,,,,
2023-09-11,12.400,11.900,14.000,13.400,15.500,14.400,25.750,32.500,30.000
2023-09-12,12.400,11.900,14.000,13.400,15.500,14.400,25.750,32.500,27.500
2023-09-13,12.400,11.900,14.000,13.400,15.500,14.400,25.750,32.500,27.500
2023-09-14,12.500,12.000,14.150,13.500,15.500,14.650,25.750,32.500,26.250
2023-09-15,12.500,12.000,14.150,13.500,15.500,14.650,25.750,32.500,26.250
2023-09-16,,,,,,,,,
2023-09-17,,,,,,,,,
2023-09-18,12.750,12.000,14.250,13.750,15.500,14.650,25.750,33.750,27.000
2023-09-19,12.750,12.000,14.250,13.750,15.500,14.650,25.750,33.750,28.250
2023-09-20,12.750,12.000,14.250,13.750,15.500,14.650,25.750,33.750,27.000
2023-09-21,12.750,12.000,14.250,13.750,15.500,14.650,25.750,33.750,27.000
2023-09-22,12.750,12.000,14.250,13.750,15.500,14.650,25.750,32.500,27.000
2023-09-23,,,,,,,,,
2023-09-24,,,,,,,,,
2023-09-25,12.750,12.000,14.250,13.750,15.500,14.650,25.750,35.000,30.250
2023-09-26,12.750,12.000,14.250,13.750,15.500,14.650,25.750,35.000,30.750
2023-09-27,12.750,12.000,14.250,13.750,15.500,14.650,25.750,36.250,30.750
2023-09-28,12.750,12.000,14.250,13.750,15.500,14.650,25.750,36.250,30.750
2023-09-29,12.750,12.000,14.250,13.750,15.500,14.650,25.750,36.250,30.750
2023-09-30,,,,,,,,,
2023-10-01,,,,,,,,,
2023-10-02,12.750,12.000,14.250,13.750,15.500,14.650,26.250,36.250,35.000
2023-10-03,12.750,12.000,14.250,13.750,15.500,14.650,26.250,35.750,34.500
2023-10-04,12.750,12.000,14.250,13.750,15.500,14.650,26.250,35.750,34.500
2023-10-05,12.750,12.000,14.250,13.750,15.500,14.650,26.250,36.250,34.500
2023-10-06,12.750,12.000,14.250,13.750,15.500,14.650,26.250,36.250,34.500
2023-10-07,,,,,,,,,
2023-10-08,,,,,,,,,
2023-10-09,12.750,12.000,14.250,13.750,15.500,14.650,26.250,36.250,36.750
2023-10-10,12.750,12.000,14.250,13.750,15.500,14.650,26.250,36.250,40.500
2023-10-11,12.750,12.000,14.250,13.750,15.500,14.650,26.250,37.500,42.000
2023-10-12,12.750,12.000,14.250,13.750,15.500,14.650,26.250,37.500,43.250
2023-10-13,12.750,12.000,14.250,13.750,15.500,14.650,26.250,40.000,43.250
2023-10-14,,,,,,,,,
2023-10-15,,,,,,,,,
2023-10-16,12.750,12.000,14.250,13.750,15.500,14.650,26.250,40.000,44.500
2023-10-17,12.750,12.000,14.250,13.750,15.500,14.650,26.250,40.000,47.500
2023-10-18,12.750,12.000,14.250,13.750,15.500,14.650,26.250,40.000,47.500
2023-10-19,12.750,12.000,14.250,13.750,15.500,14.650,26.250,40.000,48.000
2023-10-20,12.750,12.000,14.250,13.750,15.500,14.650,26.250,43.750,50.500
2023-10-21,,,,,,,,,
2023-10-22,,,,,,,,,
2023-10-23,12.750,12.000,14.250,13.750,15.500,14.650,26.250,48.750,55.000
2023-10-24,12.750,12.000,14.250,13.750,15.500,14.650,26.250,46.250,68.250
2023-10-25,12.750,12.000,14.250,13.750,15.500,14.650,26.250,46.250,68.250
2023-10-26,12.750,12.000,14.250,13.750,15.500,14.650,26.250,46.250,66.250
2023-10-27,12.750,12.000,14.250,13.750,15.500,14.650,26.250,46.250,68.250
2023-10-28,,,,,,,,,
2023-10-29,,,,,,,,,
2023-10-30,12.750,12.000,14.250,13.750,15.500,14.650,27.500,55.000,75.000
2023-10-31,12.750,12.000,14.250,13.750,15.500,14.650,27.500,55.000,75.000
2023-11-01,12.750,12.000,14.250,13.750,15.500,14.650,27.500,55.000,75.750
2023-11-02,12.750,12.000,14.250,13.750,15.500,14.650,27.500,55.000,75.750
2023-11-03,12.750,12.000,14.250,13.750,15.500,14.650,27.500,60.000,75.750
2023-11-04,,,,,,,,,
2023-11-05,,,,,,,,,
2023-11-06,12.750,12.000,14.250,13.750,15.500,14.650,29.250,63.750,80.000
2023-11-07,12.750,12.000,14.250,13.750,15.500,14.650,29.250,63.750,80.000
2023-11-08,12.750,12.000,14.250,13.750,15.500,14.650,29.250,63.750,71.250
2023-11-09,12.750,12.000,14.250,13.750,15.500,14.650,29.250,65.000,72.500
2023-11-10,12.750,12.000,14.250,13.750,15.500,14.650,29.250,65.000,72.500
2023-11-11,,,,,,,,,
2023-11-12,,,,,,,,,
2023-11-13,12.750,12.000,14.250,13.750,15.500,14.650,30.000,65.000,73.750
2023-11-14,13.000,12.500,14.500,13.900,15.500,14.650,30.000,65.000,73.750
2023-11-15,13.000,12.500,14.500,13.900,15.500,14.650,30.000,65.000,73.750
2023-11-16,13.000,12.500,14.500,13.900,15.500,14.650,30.000,63.750,73.750
2023-11-17,13.000,12.500,14.500,13.900,15.500,14.650,30.000,63.750,75.000
2023-11-18,,,,,,,,,
2023-11-19,,,,,,,,,
2023-11-20,13.000,12.500,14.500,13.900,15.500,14.650,30.000,62.500,81.250
2023-11-21,13.000,12.500,14.500,13.900,15.500,14.650,30.000,62.500,81.250
2023-11-22,13.000,12.500,14.500,13.900,15.500,14.650,30.000,62.500,81.250
2023-11-23,13.000,12.500,14.500,13.900,15.500,14.650,30.000,63.750,82.500
2023-11-24,13.000,12.500,14.500,13.900,15.500,14.650,30.000,63.750,77.500
2023-11-25,,,,,,,,,
2023-11-26,,,,,,,,,
2023-11-27,13.000,12.500,14.500,13.900,15.500,14.650,30.000,63.750,81.250
2023-11-28,13.000,12.500,14.500,13.900,15.500,14.650,30.000,63.750,81.250
2023-11-29,13.000,12.500,14.500,13.900,15.500,14.650,30.000,60.000,81.250
2023-11-30,13.000,12.500,14.500,13.900,15.500,14.650,30.000,60.000,82.500
2023-12-01,13.000,12.500,14.500,13.900,15.500,14.650,30.000,57.500,78.750
2023-12-02,,,,,,,,,
2023-12-03,,,,,,,,,
2023-12-04,13.000,12.500,14.500,13.900,15.500,14.650,30.750,57.500,81.250
2023-12-05,13.000,12.500,14.500,13.900,15.500,14.650,30.750,56.250,81.250
2023-12-06,13.000,12.500,14.500,13.900,15.500,14.650,30.750,56.250,81.250
2023-12-07,13.000,12.500,14.500,13.900,15.500,14.650,30.750,56.250,85.000
2023-12-08,13.000,12.500,14.500,13.900,15.500,14.650,30.750,56.250,85.000
2023-12-09,,,,,,,,,
2023-12-10,,,,,,,,,
2023-12-11,13.000,12.500,14.500,13.900,15.500,14.650,31.250,56.250,90.000
2023-12-12,13.000,12.500,14.500,13.900,15.500,14.650,31.250,55.000,90.000
2023-12-13,13.000,12.500,14.500,13.900,15.500,14.650,31.250,55.000,90.000
2023-12-14,13.000,12.500,14.500,13.900,15.500,14.650,31.250,55.000,86.250
2023-12-15,13.000,12.500,14.500,13.900,15.500,14.650,31.250,55.000,82.500
2023-12-16,,,,,,,,,
2023-12-17,,,,,,,,,
2023-12-18,13.000,12.500,14.500,13.900,15.500,14.650,31.750,51.250,73.750
2023-12-19,13.000,12.500,14.500,13.900,15.500,14.650,31.750,51.250,72.500
2023-12-20,13.000,12.500,14.500,13.900,15.500,14.650,31.750,51.250,72.500
2023-12-21,13.000,12.500,14.500,13.900,15.500,14.650,31.750,48.750,71.250
2023-12-22,13.000,12.500,14.500,13.900,15.500,14.650,31.750,48.750,71.250
2023-12-23,,,,,,,,,
2023-12-24,,,,,,,,,
2023-12-25,,,,,,,,,
2023-12-26,,,,,,,,,
2023-12-27,13.000,12.500,14.500,13.900,15.500,14.650,34.750,48.750,71.250
2023-12-28,13.000,12.500,14.500,13.900,15.500,14.650,34.750,50.000,73.750
2023-12-29,13.000,12.500,14.500,13.900,15.500,14.650,39.750,50.000,75.000
2023-12-30,,,,,,,,,
2023-12-31,,,,,,,,,
2024-01-01,13.000,12.500,14.500,13.900,15.500,14.650,39.750,50.000,75.000
2024-01-02,13.000,12.500,14.500,13.900,15.500,14.650,40.000,52.500,76.250
2024-01-03,13.000,12.500,14.500,13.900,15.500,14.650,40.000,51.250,76.250
2024-01-04,13.000,12.500,14.500,13.900,15.500,14.650,40.000,43.750,71.250
2024-01-05,13.000,12.500,14.500,13.900,15.500,14.650,40.000,43.750,71.250
2024-01-06,,,,,,,,,
2024-01-07,,,,,,,,,
2024-01-08,13.000,12.500,14.500,13.900,15.500,14.650,40.000,41.250,62.500
2024-01-09,13.000,12.500,14.500,13.900,15.500,14.650,40.000,40.000,57.500
2024-01-10,13.000,12.500,14.500,13.900,15.500,14.650,40.000,40.000,57.500
2024-01-11,13.000,12.500,14.500,13.900,15.500,14.650,40.000,40.000,50.000
2024-01-12,13.000,12.500,14.500,13.900,15.500,14.650,40.000,37.500,42.500
2024-01-13,,,,,,,,,
2024-01-14,,,,,,,,,
2024-01-15,13.000,12.500,14.500,13.900,15.500,14.650,38.750,37.500,40.000
2024-01-16,13.000,12.500,14.500,13.900,15.500,14.650,36.250,37.500,42.500
2024-01-17,13.000,12.500,14.500,13.900,15.500,14.650,35.000,37.500,42.500
2024-01-18,13.000,12.500,14.500,13.900,15.500,14.650,35.000,37.500,42.500
2024-01-19,13.000,12.500,14.500,13.900,15.500,14.650,35.000,37.500,38.750
2024-01-20,,,,,,,,,
2024-01-21,,,,,,,,,
2024-01-22,13.250,12.650,14.650,14.150,15.500,14.900,34.500,37.500,36.250
2024-01-23,13.250,12.650,14.750,14.150,15.500,14.900,34.500,38.750,35.000
2024-01-24,13.250,12.650,14.750,14.150,15.500,14.900,34.500,42.500,37.500
2024-01-25,13.250,12.650,14.750,14.150,15.500,14.900,34.500,42.500,37.500
2024-01-26,13.250,12.650,14.750,14.150,15.500,14.900,34.500,42.500,37.500
2024-01-27,,,,,,,,,
2024-01-28,,,,,,,,,
2024-01-29,13.250,12.650,14.750,14.150,15.500,14.900,34.500,40.000,35.000
2024-01-30,13.250,12.650,14.750,14.150,15.500,14.900,34.500,40.000,35.000
2024-01-31,13.250,12.650,14.750,14.150,15.500,14.900,32.500,40.000,35.000
2024-02-01,13.250,12.650,14.750,14.150,15.500,14.900,32.500,41.250,35.000
2024-02-02,13.250,12.650,14.750,14.150,15.500,14.900,32.500,42.000,35.000
2024-02-03,,,,,,,,,
2024-02-04,,,,,,,,,
2024-02-05,13.750,13.150,15.650,14.900,16.400,15.900,32.500,42.500,36.250
2024-02-06,14.000,13.150,15.750,15.150,16.500,15.900,32.500,43.750,36.250
2024-02-07,14.000,13.150,15.750,15.150,16.500,15.900,32.500,43.750,37.500
2024-02-08,14.000,13.150,15.750,15.150,16.500,15.900,32.500,43.750,37.500
2024-02-09,14.000,13.150,15.750,15.150,16.500,15.900,32.500,43.750,37.500
2024-02-10,,,,,,,,,
2024-02-11,,,,,,,,,
2024-02-12,14.250,13.400,16.000,15.400,16.900,16.400,33.000,45.000,47.500
2024-02-13,14.250,13.400,16.000,15.400,16.900,16.400,33.000,45.000,47.500
2024-02-14,14.250,13.400,16.000,15.400,16.900,16.400,33.000,45.000,47.500
2024-02-15,14.250,13.400,16.000,15.400,16.900,16.400,33.000,45.000,52.500
2024-02-16,14.250,13.400,16.000,15.400,16.900,16.400,33.000,45.000,53.750
2024-02-17,,,,,,,,,
2024-02-18,,,,,,,,,
2024-02-19,14.250,13.400,16.000,15.400,16.900,16.400,33.250,47.500,63.750
2024-02-20,14.250,13.400,16.000,15.400,16.900,16.400,33.250,47.500,66.250
2024-02-21,14.250,13.400,16.000,15.400,16.900,16.400,33.250,47.500,76.250
2024-02-22,14.250,13.400,16.000,15.400,16.900,16.400,33.250,47.500,77.500
2024-02-23,14.250,13.400,16.000,15.400,16.900,16.400,33.250,47.500,77.500
2024-02-24,,,,,,,,,
2024-02-25,,,,,,,,,
2024-02-26,14.250,13.400,16.000,15.400,16.900,16.400,33.250,43.750,75.750
2024-02-27,14.250,13.400,16.000,15.400,16.900,16.400,33.250,43.750,75.750
2024-02-28,14.250,13.400,16.000,15.400,16.900,16.400,33.250,43.750,74.500
2024-02-29,14.250,13.400,16.000,15.400,16.900,16.400,33.250,43.750,74.500
2024-03-01,14.250,13.400,16.000,15.400,16.900,16.400,33.250,42.500,68.750
2024-03-02,,,,,,,,,
2024-03-03,,,,,,,,,
2024-03-04,14.250,13.400,16.000,15.400,16.900,16.400,34.500,42.500,61.250
2024-03-05,14.250,13.400,16.000,15.400,16.900,16.400,34.500,41.250,61.250
2024-03-06,14.250,13.400,16.000,15.400,16.900,16.400,34.500,41.250,61.250
2024-03-07,14.250,13.400,16.000,15.400,16.900,16.400,34.500,41.250,61.250
2024-03-08,14.250,13.400,16.000,15.400,16.900,16.400,34.500,41.250,61.250
2024-03-09,,,,,,,,,
2024-03-10,,,,,,,,,
2024-03-11,14.250,13.400,16.000,15.400,16.900,16.400,34.500,41.250,61.250
2024-03-12,14.250,13.400,16.000,15.400,16.900,16.400,34.500,41.250,61.250
2024-03-13,14.250,13.400,16.000,15.400,16.900,16.400,34.500,41.250,63.750
2024-03-14,14.250,13.400,16.000,15.400,16.900,16.400,34.500,41.250,62.500
2024-03-15,14.250,13.400,16.000,15.400,16.900,16.400,34.500,41.250,62.500
2024-03-16,,,,,,,,,
2024-03-17,,,,,,,,,
2024-03-18,14.000,13.150,15.750,15.150,16.650,16.150,34.500,46.250,50.000
2024-03-19,14.000,13.150,15.750,15.150,16.650,16.150,34.500,46.250,47.500
2024-03-20,14.000,13.150,15.750,15.150,16.650,16.150,34.500,42.500,45.000
2024-03-21,14.000,13.150,15.750,15.150,16.650,16.150,34.500,42.500,45.000
2024-03-22,14.000,13.150,15.750,15.150,16.650,16.150,34.500,41.250,38.750
2024-03-23,,,,,,,,,
2024-03-24,,,,,,,,,
2024-03-25,14.000,13.150,15.750,15.150,16.650,16.150,34.500,41.250,36.250
2024-03-26,14.000,13.150,15.750,15.150,16.650,16.150,34.500,42.500,35.000
2024-03-27,14.000,13.150,15.750,15.150,16.650,16.150,34.500,42.500,35.000
2024-03-28,14.000,13.150,15.750,15.150,16.650,16.150,34.500,42.500,35.000
2024-03-29,14.000,13.150,15.750,15.150,16.650,16.150,34.500,42.500,35.000
2024-03-30,,,,,,,,,
2024-03-31,,,,,,,,,
2024-04-01,14.000,13.150,15.750,15.150,16.650,16.150,36.000,40.000,36.250
2024-04-02,14.000,13.150,15.750,15.150,16.650,16.150,36.000,41.250,37.500
2024-04-03,14.000,13.150,15.750,15.150,16.650,16.150,36.000,41.250,37.500
2024-04-04,14.000,13.150,15.750,15.150,16.650,16.150,36.000,42.500,37.500
2024-04-05,14.000,13.150,15.750,15.150,16.650,16.150,36.000,42.500,37.500
2024-04-06,,,,,,,,,
2024-04-07,,,,,,,,,
2024-04-08,14.000,13.150,15.750,15.150,16.650,16.150,36.000,42.500,37.500
2024-04-09,14.000,13.150,15.750,15.150,16.650,16.150,36.000,42.500,37.500
2024-04-10,14.000,13.150,15.750,15.150,16.650,16.150,36.000,42.500,37.500
2024-04-11,14.000,13.150,15.750,15.150,16.650,16.150,36.000,42.500,37.500
2024-04-12,14.000,13.150,15.750,15.150,16.650,16.150,36.000,42.500,37.500
2024-04-13,,,,,,,,,
2024-04-14,,,,,,,,,
2024-04-15,14.000,13.150,15.750,15.150,16.650,16.150,36.000,42.500,37.500
2024-04-16,14.000,13.150,15.750,15.150,16.650,16.150,46.000,41.250,36.250
2024-04-17,14.000,13.150,15.750,15.150,16.650,16.150,57.500,38.750,33.000
2024-04-18,14.000,13.150,15.750,15.150,16.650,16.150,57.500,38.750,33.000
2024-04-19,14.000,13.150,15.750,15.150,16.650,16.150,57.500,37.500,32.500
2024-04-20,,,,,,,,,
2024-04-21,,,,,,,,,
2024-04-22,14.000,13.150,15.750,15.150,16.650,16.150,57.500,37.500,33.750
2024-04-23,14.000,13.150,15.750,15.150,16.650,16.150,57.500,37.500,36.250
2024-04-24,14.000,13.150,15.750,15.150,16.650,16.150,57.500,37.500,36.250
2024-04-25,14.000,13.150,15.750,15.150,16.650,16.150,57.500,36.250,35.000
2024-04-26,14.000,13.150,15.750,15.150,16.650,16.150,57.500,36.250,35.000
2024-04-27,,,,,,,,,
2024-04-28,,,,,,,,,
2024-04-29,14.000,13.150,15.750,15.150,16.650,16.150,53.750,37.500,35.000
2024-04-30,14.000,13.150,15.750,15.150,16.650,16.150,53.750,37.500,40.000
2024-05-01,14.000,13.150,15.750,15.150,16.650,16.150,53.750,37.500,40.000
2024-05-02,14.000,13.150,15.750,15.150,16.650,16.150,53.750,35.000,32.500
2024-05-03,14.000,13.150,15.750,15.150,16.650,16.150,53.750,35.000,32.500
2024-05-04,,,,,,,,,
2024-05-05,,,,,,,,,
2024-05-06,14.000,13.150,15.750,15.150,16.650,16.150,48.750,35.000,30.000
2024-05-07,14.000,13.150,15.750,15.150,16.650,16.150,48.750,35.000,30.000
2024-05-08,14.000,13.150,15.750,15.150,16.650,16.150,48.750,35.000,31.250
2024-05-09,14.000,13.150,15.750,15.150,16.650,16.150,48.750,35.000,31.250
2024-05-10,14.000,13.150,15.750,15.150,16.650,16.150,46.250,35.000,28.750
2024-05-11,,,,,,,,,
2024-05-12,,,,,,,,,
2024-05-13,14.000,13.150,15.750,15.150,16.650,16.150,46.250,37.500,27.500
2024-05-14,14.000,13.150,15.750,15.150,16.650,16.150,46.250,37.500,27.500
2024-05-15,14.000,13.150,15.750,15.150,16.650,16.150,46.250,38.750,30.000
2024-05-16,14.000,13.150,15.750,15.150,16.650,16.150,46.250,38.750,30.000
2024-05-17,14.000,13.150,15.750,15.150,16.650,16.150,46.250,38.750,30.000
2024-05-18,,,,,,,,,
2024-05-19,,,,,,,,,
2024-05-20,14.000,13.150,15.750,15.150,16.650,16.150,46.250,37.500,32.500
2024-05-21,14.000,13.150,15.750,15.150,16.650,16.150,46.250,42.500,33.750
2024-05-22,13.750,12.650,15.250,14.650,16.150,15.650,46.250,42.500,35.000
2024-05-23,13.750,12.650,15.250,14.650,16.150,15.650,46.250,42.500,35.000
2024-05-24,13.750,12.650,15.250,14.650,16.150,15.650,46.250,42.500,35.000
2024-05-25,,,,,,,,,
2024-05-26,,,,,,,,,
2024-05-27,13.250,12.250,14.750,14.000,16.150,15.250,46.250,40.000,32.500
2024-05-28,13.250,12.250,14.750,14.000,16.150,15.250,46.250,40.000,32.500
2024-05-29,13.250,12.250,14.750,14.000,16.150,15.250,46.250,42.500,33.750
2024-05-30,13.250,12.250,14.750,14.000,16.150,15.250,46.250,42.500,35.000
2024-05-31,13.250,12.250,14.750,14.000,16.150,15.250,46.250,42.500,35.000
2024-06-01,,,,,,,,,
2024-06-02,,,,,,,,,
2024-06-03,13.250,12.250,14.750,14.000,16.150,15.250,46.250,41.250,35.000
2024-06-04,13.250,12.250,14.750,14.000,16.150,15.250,46.250,41.250,35.000
2024-06-05,13.250,12.250,14.750,14.000,16.150,15.250,46.250,41.250,35.000
2024-06-06,13.250,12.250,14.750,14.000,16.150,15.250,46.250,41.250,35.000
2024-06-07,13.250,12.250,14.750,14.000,16.150,15.250,46.250,41.250,35.000
2024-06-08,,,,,,,,,
2024-06-09,,,,,,,,,
2024-06-10,13.150,12.250,14.750,14.000,16.150,15.250,46.250,41.250,37.500
2024-06-11,13.150,12.250,14.750,14.000,16.150,15.250,46.250,41.250,37.500
2024-06-12,13.150,12.250,14.750,14.000,16.150,15.250,43.750,43.750,37.500
2024-06-13,13.150,12.250,14.750,14.000,16.150,15.250,43.750,43.750,37.500
2024-06-14,13.150,12.250,14.750,14.000,16.150,15.250,43.750,43.750,37.500
2024-06-15,,,,,,,,,
2024-06-16,,,,,,,,,
2024-06-17,13.150,12.250,14.750,14.000,16.150,15.250,43.750,43.750,37.500
2024-06-18,13.150,12.250,14.750,14.000,16.150,15.250,43.750,43.750,37.500
2024-06-19,13.150,12.250,14.750,14.000,16.150,15.250,41.250,48.750,35.000
2024-06-20,13.150,12.250,14.750,14.000,16.150,15.250,41.250,52.500,31.250
2024-06-21,13.150,12.250,14.750,14.000,16.150,15.250,41.250,52.500,31.250
2024-06-22,,,,,,,,,
2024-06-23,,,,,,,,,
2024-06-24,13.150,12.250,14.750,14.000,16.150,15.250,39.500,52.500,30.000
2024-06-25,13.150,12.250,14.750,14.000,16.150,15.250,39.500,52.500,30.000
2024-06-26,13.150,12.250,14.750,14.000,16.150,15.250,39.500,52.500,30.000
2024-06-27,13.150,12.250,14.750,14.000,16.150,15.250,39.500,52.500,30.000
2024-06-28,13.150,12.250,14.750,14.000,16.150,15.250,39.500,51.250,30.000
2024-06-29,,,,,,,,,
2024-06-30,,,,,,,,,
2024-07-01,13.150,12.250,14.750,14.000,16.150,15.250,35.750,51.250,30.000
2024-07-02,13.150,12.250,14.750,14.000,16.150,15.250,35.750,51.250,32.500
2024-07-03,13.150,12.250,14.750,14.000,16.150,15.250,35.750,51.250,32.500
2024-07-04,13.150,12.250,14.750,14.000,16.150,15.250,35.750,48.750,32.500
2024-07-05,13.150,12.250,14.750,14.000,16.150,15.250,35.000,48.750,36.250
2024-07-06,,,,,,,,,
2024-07-07,,,,,,,,,
2024-07-08,13.150,12.250,14.750,14.000,16.150,15.250,35.000,47.500,38.750
2024-07-09,13.150,12.250,14.750,14.000,16.150,15.250,35.000,47.500,40.000
2024-07-10,13.150,12.250,14.750,14.000,16.150,15.250,35.000,47.500,40.000
2024-07-11,13.150,12.250,14.750,14.000,16.150,15.250,34.500,47.500,43.750
2024-07-12,13.150,12.250,14.750,14.000,16.150,15.250,34.500,47.500,46.250
2024-07-13,,,,,,,,,
2024-07-14,,,,,,,,,
2024-07-15,13.150,12.250,14.750,14.000,16.150,15.250,32.500,48.750,52.500
2024-07-16,13.150,12.250,14.750,14.000,16.150,15.250,31.250,51.250,53.750
2024-07-17,13.150,12.250,14.750,14.000,16.150,15.250,28.500,51.250,57.500
2024-07-18,13.150,12.250,14.750,14.000,16.150,15.250,28.500,51.250,58.750
2024-07-19,13.150,12.250,14.750,14.000,16.150,15.250,27.750,51.250,61.250
2024-07-20,,,,,,,,,
2024-07-21,,,,,,,,,
2024-07-22,13.150,12.250,14.750,14.000,16.150,15.250,25.250,53.750,66.250
2024-07-23,13.150,12.250,14.750,14.000,16.150,15.250,25.250,53.750,70.000
2024-07-24,13.150,12.250,14.750,14.000,16.150,15.250,25.250,53.750,72.500
2024-07-25,13.150,12.250,14.750,14.000,16.150,15.250,25.250,53.750,72.500
2024-07-26,13.150,12.250,14.750,14.000,16.150,15.250,25.250,51.250,66.250
2024-07-27,,,,,,,,,
2024-07-28,,,,,,,,,
2024-07-29,13.150,12.250,14.750,14.000,16.150,15.250,25.250,55.000,71.250
2024-07-30,13.150,12.250,14.750,14.000,16.150,15.250,25.250,55.000,71.250
2024-07-31,13.150,12.250,14.750,14.000,16.150,15.250,25.250,55.000,68.750
2024-08-01,13.150,12.250,14.750,14.000,16.150,15.250,25.250,55.000,68.750
2024-08-02,13.150,12.250,14.750,14.000,16.150,15.250,25.250,55.000,68.750
2024-08-03,,,,,,,,,
2024-08-04,,,,,,,,,
2024-08-05,13.150,12.250,14.750,14.000,16.150,15.250,25.250,51.250,65.000
2024-08-06,13.150,12.250,14.750,14.000,16.150,15.250,25.250,47.500,65.000
2024-08-07,13.150,12.250,14.750,14.000,16.150,15.250,25.250,47.500,65.000
2024-08-08,13.150,12.250,14.750,14.000,16.150,15.250,25.250,47.500,65.000
2024-08-09,13.150,12.250,14.750,14.000,16.150,15.250,25.250,42.500,61.250
2024-08-10,,,,,,,,,
2024-08-11,,,,,,,,,
2024-08-12,13.150,12.250,14.750,14.000,16.150,15.250,24.500,42.500,57.500
2024-08-13,13.150,12.250,14.750,14.000,16.150,15.250,24.500,42.500,57.500
2024-08-14,13.150,12.250,14.750,14.000,16.150,15.250,24.500,42.500,57.500
2024-08-15,13.150,12.250,14.750,14.000,16.150,15.250,24.500,40.000,56.250
2024-08-16,13.150,12.250,14.750,14.000,16.150,15.250,24.500,40.000,50.250
2024-08-17,,,,,,,,,
2024-08-18,,,,,,,,,
2024-08-19,13.150,12.250,14.750,14.000,16.150,15.250,24.500,40.000,51.250
2024-08-20,13.150,12.250,14.750,14.000,16.150,15.250,24.500,40.000,48.750
2024-08-21,13.150,12.250,14.750,14.000,16.150,15.250,24.500,40.000,45.000
2024-08-22,13.150,12.250,14.750,14.000,16.150,15.250,24.500,40.000,43.750
2024-08-23,13.150,12.250,14.750,14.000,16.150,15.250,24.500,40.000,41.250
2024-08-24,,,,,,,,,
2024-08-25,,,,,,,,,
2024-08-26,13.150,12.250,14.750,14.000,16.150,15.250,24.500,40.000,36.250
2024-08-27,13.150,12.250,14.750,14.000,16.150,15.250,24.500,40.000,36.250
2024-08-28,13.150,12.250,14.750,14.000,16.150,15.250,24.500,40.000,36.250
2024-08-29,13.150,12.250,14.750,14.000,16.150,15.250,24.500,37.500,33.750
2024-08-30,13.150,12.250,14.750,14.000,16.150,15.250,24.500,37.500,32.500
2024-08-31,,,,,,,,,
2024-09-01,,,,,,,,,
2024-09-02,13.150,12.250,14.750,14.000,16.150,15.250,24.500,36.250,30.000
2024-09-03,13.150,12.250,14.750,14.000,16.150,15.250,24.500,35.000,28.750
2024-09-04,13.150,12.250,14.750,14.000,16.150,15.250,24.500,36.250,28.750
2024-09-05,13.150,12.250,14.750,14.000,16.150,15.250,24.500,36.250,28.750
2024-09-06,13.150,12.250,14.750,14.000,16.150,15.250,24.500,36.250,30.000
2024-09-07,,,,,,,,,
2024-09-08,,,,,,,,,
2024-09-09,13.150,12.250,14.750,14.000,16.150,15.250,24.500,36.250,32.500
2024-09-10,13.150,12.250,14.750,14.000,16.150,15.250,24.500,36.250,32.500
2024-09-11,13.150,12.250,14.750,14.000,16.150,15.250,24.500,32.500,31.250
2024-09-12,13.150,12.250,14.750,14.000,16.150,15.250,24.500,32.500,31.250
2024-09-13,13.150,12.250,14.750,14.000,16.150,15.250,24.500,31.250,31.250
2024-09-14,,,,,,,,,
2024-09-15,,,,,,,,,
2024-09-16,,,,,,,,,
2024-09-17,13.150,12.250,14.750,14.000,16.150,15.250,24.500,31.250,35.750
2024-09-18,13.150,12.250,14.750,14.000,16.150,15.250,24.500,31.250,37.000
2024-09-19,13.150,12.250,14.750,14.000,16.150,15.250,24.500,31.250,37.000
2024-09-20,13.150,12.250,14.750,14.000,16.150,15.250,24.500,31.250,37.000
2024-09-21,,,,,,,,,
2024-09-22,,,,,,,,,
2024-09-23,13.150,12.250,14.750,14.000,16.150,15.250,24.500,31.250,33.750
2024-09-24,13.150,12.250,14.750,14.000,16.150,15.250,24.500,31.250,33.750
2024-09-25,13.150,12.250,14.750,14.000,16.150,15.250,24.500,30.000,33.750
2024-09-26,13.150,12.250,14.750,14.000,16.150,15.250,24.500,30.000,33.750
2024-09-27,13.150,12.250,14.750,14.000,16.150,15.250,24.500,30.000,33.750
2024-09-28,,,,,,,,,
2024-09-29,,,,,,,,,
2024-09-30,13.150,12.250,14.750,14.000,16.150,15.250,24.500,30.000,33.750
2024-10-01,13.150,12.250,14.750,14.000,16.150,15.250,24.500,27.500,32.500
2024-10-02,13.150,12.250,14.750,14.000,16.150,15.250,24.500,27.500,32.500
2024-10-03,13.150,12.250,14.750,14.000,16.150,15.250,24.500,27.500,32.500
2024-10-04,13.150,12.250,14.750,14.000,16.150,15.250,24.500,27.500,32.500
2024-10-05,,,,,,,,,
2024-10-06,,,,,,,,,
2024-10-07,13.150,12.250,14.750,14.000,16.150,15.250,24.500,30.000,35.000
2024-10-08,13.150,12.250,14.750,14.000,16.150,15.250,24.500,30.000,35.000
2024-10-09,13.150,12.250,14.750,14.000,16.150,15.250,24.500,30.000,35.000
2024-10-10,13.150,12.250,14.750,14.000,16.150,15.250,24.500,30.000,35.000
2024-10-11,13.150,12.250,14.750,14.000,16.150,15.250,24.500,30.000,37.500
2024-10-12,,,,,,,,,
2024-10-13,,,,,,,,,
2024-10-14,13.150,12.250,14.750,14.000,16.150,15.250,25.250,30.000,45.000
2024-10-15,13.150,12.250,14.750,14.000,16.150,15.250,25.250,30.000,45.000
2024-10-16,13.150,12.250,14.750,14.000,16.150,15.250,25.250,27.500,45.000
2024-10-17,13.150,12.250,14.750,14.000,16.150,15.250,25.250,27.500,45.000
2024-10-18,13.150,12.250,14.750,14.000,16.150,15.250,25.250,27.500,43.750
2024-10-19,,,,,,,,,
2024-10-20,,,,,,,,,
2024-10-21,13.150,12.250,14.750,14.000,16.150,15.250,25.750,27.500,45.000
2024-10-22,13.150,12.250,14.750,14.000,16.150,15.250,25.750,27.500,45.000
2024-10-23,13.150,12.250,14.750,14.000,16.150,15.250,25.750,27.500,45.000
2024-10-24,13.150,12.250,14.750,14.000,16.150,15.250,25.750,27.500,45.000
2024-10-25,13.150,12.250,14.750,14.000,16.150,15.250,25.750,27.500,42.500
2024-10-26,,,,,,,,,
2024-10-27,,,,,,,,,
2024-10-28,13.150,12.250,14.750,14.000,16.150,15.250,27.000,27.500,37.500
2024-10-29,13.150,12.250,14.750,14.000,16.150,15.250,27.000,27.500,35.500
2024-10-30,13.150,12.250,14.750,14.000,16.150,15.250,27.000,27.500,33.750
2024-10-31,13.150,12.250,14.750,14.000,16.150,15.250,27.000,27.500,33.750
2024-11-01,13.150,12.250,14.750,14.000,16.150,15.250,27.000,27.500,33.750
2024-11-02,,,,,,,,,
2024-11-03,,,,,,,,,
2024-11-04,13.150,12.250,14.750,14.000,16.150,15.250,33.500,27.500,30.500
2024-11-05,13.150,12.250,14.750,14.000,16.150,15.250,33.500,27.500,30.500
2024-11-06,13.150,12.250,14.750,14.000,16.150,15.250,33.500,27.500,30.500
2024-11-07,13.150,12.250,14.750,14.000,16.150,15.250,33.500,27.500,30.500
2024-11-08,13.150,12.250,14.750,14.000,16.150,15.250,33.500,27.500,32.500
2024-11-09,,,,,,,,,
2024-11-10,,,,,,,,,
2024-11-11,13.150,12.250,14.750,14.000,16.150,15.250,33.500,27.500,32.500
2024-11-12,13.000,12.150,14.650,13.900,16.000,15.150,38.500,27.500,37.500
2024-11-13,13.000,12.150,14.650,13.900,16.000,15.150,38.500,27.500,37.500
2024-11-14,13.000,12.150,14.650,13.900,16.000,15.150,38.500,26.250,37.500
2024-11-15,13.000,12.150,14.650,13.900,16.000,15.150,38.500,26.250,36.250
2024-11-16,,,,,,,,,
2024-11-17,,,,,,,,,
2024-11-18,13.000,12.150,14.650,13.900,16.000,15.150,39.250,25.000,35.500
2024-11-19,13.000,12.150,14.650,13.900,16.000,15.150,39.250,25.000,34.250
2024-11-20,13.000,12.150,14.650,13.900,16.000,15.150,39.250,25.000,34.250
2024-11-21,13.000,12.150,14.650,13.900,16.000,15.150,39.250,25.000,34.250
2024-11-22,13.000,12.150,14.650,13.900,16.000,15.150,39.250,25.000,32.500
2024-11-23,,,,,,,,,
2024-11-24,,,,,,,,,
2024-11-25,13.000,12.150,14.650,13.900,16.000,15.150,39.250,25.000,31.250
2024-11-26,13.000,12.150,14.650,13.900,16.000,15.150,39.250,25.000,31.250
2024-11-27,13.000,12.150,14.650,13.900,16.000,15.150,39.250,25.000,31.250
2024-11-28,13.000,12.150,14.650,13.900,16.000,15.150,39.250,27.500,26.250
2024-11-29,13.000,12.150,14.650,13.900,16.000,15.150,38.750,27.500,26.250
2024-11-30,,,,,,,,,
2024-12-01,,,,,,,,,
2024-12-02,13.000,12.150,14.650,13.900,16.000,15.150,38.750,33.750,30.000
2024-12-03,13.000,12.150,14.650,13.900,16.000,15.150,38.750,33.750,32.500
2024-12-04,13.000,12.150,14.650,13.900,16.000,15.150,38.750,33.750,32.500
2024-12-05,13.000,12.150,14.650,13.900,16.000,15.150,38.750,33.750,32.500
2024-12-06,13.000,12.150,14.650,13.900,16.000,15.150,38.750,33.750,36.250
2024-12-07,,,,,,,,,
2024-12-08,,,,,,,,,
2024-12-09,13.000,12.150,14.650,13.900,16.000,15.150,38.750,35.000,36.250
2024-12-10,13.000,12.150,14.650,13.900,16.000,15.150,38.750,35.000,36.250
2024-12-11,13.000,12.150,14.650,13.900,16.000,15.150,38.750,40.000,37.500
2024-12-12,13.000,12.150,14.650,13.900,16.000,15.150,38.750,40.000,37.500
2024-12-13,13.000,12.150,14.650,13.900,16.000,15.150,38.750,41.250,37.500
2024-12-14,,,,,,,,,
2024-12-15,,,,,,,,,
2024-12-16,13.000,12.150,14.650,13.900,16.000,15.150,38.750,42.500,41.250
2024-12-17,13.000,12.150,14.650,13.900,16.000,15.150,38.750,42.500,41.250
2024-12-18,13.000,12.150,14.650,13.900,16.000,15.150,38.750,42.500,41.250
2024-12-19,13.000,12.150,14.650,13.900,16.000,15.150,38.750,41.250,41.250
2024-12-20,13.000,12.150,14.650,13.900,16.000,15.150,38.750,41.250,41.250
2024-12-21,,,,,,,,,
2024-12-22,,,,,,,,,
2024-12-23,13.000,12.150,14.650,13.900,16.000,15.150,39.750,46.250,56.250
2024-12-24,13.000,12.150,14.650,13.900,16.000,15.150,40.000,46.250,56.250
2024-12-25,13.000,12.150,14.650,13.900,16.000,15.150,40.000,46.250,56.250
2024-12-26,13.000,12.150,14.650,13.900,16.000,15.150,40.000,46.250,56.250
2024-12-27,13.000,12.150,14.650,13.900,16.000,15.150,41.250,47.500,71.250
2024-12-28,,,,,,,,,
2024-12-29,,,,,,,,,
2024-12-30,13.000,12.150,14.650,13.900,16.000,15.150,41.250,56.250,72.500
2024-12-31,13.000,12.150,14.650,13.900,16.000,15.150,41.250,57.500,73.750
2025-01-01,13.000,12.150,14.650,13.900,16.000,15.150,41.250,57.500,73.750
2025-01-02,13.000,12.150,14.650,13.900,16.000,15.150,41.250,57.500,81.250
2025-01-03,13.000,12.150,14.650,13.900,16.000,15.150,41.250,57.500,81.250
2025-01-04,,,,,,,,,
2025-01-05,,,,,,,,,
2025-01-06,13.000,12.150,14.650,13.900,16.000,15.150,41.250,61.250,98.750
2025-01-07,13.000,12.150,14.650,13.900,16.000,15.150,41.250,61.250,98.750
2025-01-08,13.000,12.150,14.650,13.900,16.000,15.150,41.250,67.500,96.250
2025-01-09,13.000,12.150,14.650,13.900,16.000,15.150,41.250,66.250,95.000
2025-01-10,13.000,12.150,14.650,13.900,16.000,15.150,41.250,66.250,91.250
2025-01-11,,,,,,,,,
2025-01-12,,,,,,,,,
2025-01-13,13.000,12.150,14.650,13.900,16.000,15.150,41.250,66.250,90.000
2025-01-14,13.000,12.150,14.650,13.900,16.000,15.150,41.250,66.250,88.750
2025-01-15,13.000,12.150,14.650,13.900,16.000,15.150,41.250,66.250,87.500
2025-01-16,13.000,12.150,14.650,13.900,16.000,15.150,41.250,66.250,86.250
2025-01-17,13.000,12.150,14.650,13.900,16.000,15.150,41.250,66.250,81.250
2025-01-18,,,,,,,,,
2025-01-19,,,,,,,,,
2025-01-20,13.000,12.150,14.650,13.900,16.000,15.150,37.500,68.750,66.250
2025-01-21,13.000,12.150,14.650,13.900,16.000,15.150,37.500,68.750,66.250
2025-01-22,13.000,12.150,14.650,13.900,16.000,15.150,37.500,68.750,66.250
2025-01-23,13.000,12.150,14.650,13.900,16.000,15.150,37.500,68.750,66.250
2025-01-24,13.000,12.150,14.650,13.900,16.000,15.150,37.500,68.750,66.250
2025-01-25,,,,,,,,,
2025-01-26,,,,,,,,,
2025-01-27,13.000,12.150,14.650,13.900,16.000,15.150,37.500,68.750,66.250
2025-01-28,13.000,12.150,14.650,13.900,16.000,15.150,37.500,68.750,62.500
2025-01-29,13.000,12.150,14.650,13.900,16.000,15.150,37.500,68.750,62.500
2025-01-30,13.000,12.150,14.650,13.900,16.000,15.150,37.500,68.750,67.500
2025-01-31,13.000,12.150,14.650,13.900,16.000,15.150,37.500,68.750,67.500
2025-02-01,,,,,,,,,
2025-02-02,,,,,,,,,
2025-02-03,13.000,12.150,14.650,13.900,16.000,15.150,36.500,68.750,63.750
2025-02-04,13.000,12.150,14.650,13.900,16.000,15.150,35.250,68.750,63.750
2025-02-05,13.000,12.150,14.650,13.900,16.000,15.150,35.250,71.250,63.750
2025-02-06,13.000,12.150,14.650,13.900,16.000,15.150,35.250,71.250,63.750
2025-02-07,13.000,12.150,14.650,13.900,16.000,15.150,35.250,71.250,63.750
2025-02-08,,,,,,,,,
2025-02-09,,,,,,,,,
2025-02-10,13.000,12.150,14.650,13.900,16.000,15.150,33.750,75.000,60.000
2025-02-11,13.000,12.150,14.650,13.900,16.000,15.150,33.750,75.000,60.000
2025-02-12,13.000,12.150,14.650,13.900,16.000,15.150,33.750,75.000,58.750
2025-02-13,13.000,12.150,14.650,13.900,16.000,15.150,33.750,75.000,58.750
2025-02-14,13.000,12.150,14.650,13.900,16.000,15.150,34.500,75.000,57.500
2025-02-15,,,,,,,,,
2025-02-16,,,,,,,,,
2025-02-17,13.000,12.150,14.650,13.900,16.000,15.150,34.500,75.000,57.500
2025-02-18,13.000,12.150,14.650,13.900,16.000,15.150,34.500,75.000,60.000
2025-02-19,13.000,12.150,14.650,13.900,16.000,15.150,37.500,75.000,63.750
2025-02-20,13.000,12.150,14.650,13.900,16.000,15.150,34.500,70.000,66.250
2025-02-21,13.000,12.150,14.650,13.900,16.000,15.150,34.500,70.000,67.500
2025-02-22,,,,,,,,,
2025-02-23,,,,,,,,,
2025-02-24,13.000,12.150,14.650,13.900,16.000,15.150,35.750,66.250,68.750
2025-02-25,13.000,12.150,14.650,13.900,16.000,15.150,36.500,66.250,80.000
2025-02-26,13.000,12.150,14.650,13.900,16.000,15.150,36.500,66.250,83.750
2025-02-27,13.000,12.150,14.650,13.900,16.000,15.150,36.500,66.250,83.750
2025-02-28,13.000,12.150,14.650,13.900,16.000,15.150,36.500,66.250,77.500
2025-03-01,,,,,,,,,
2025-03-02,,,,,,,,,
2025-03-03,13.150,12.250,14.900,14.150,16.250,15.250,38.250,68.750,96.250
2025-03-04,13.150,12.250,14.900,14.150,16.250,15.250,38.250,68.750,92.500
2025-03-05,13.150,12.250,14.900,14.150,16.250,15.250,38.250,68.750,90.000
2025-03-06,13.150,12.250,14.900,14.150,16.250,15.250,38.750,68.750,90.000
2025-03-07,13.150,12.250,14.900,14.150,16.250,15.250,38.750,66.250,72.500
2025-03-08,,,,,,,,,
2025-03-09,,,,,,,,,
2025-03-10,13.150,12.250,14.900,14.150,16.250,15.250,43.000,67.500,75.000
2025-03-11,13.150,12.250,14.900,14.150,16.250,15.250,45.500,67.500,73.750
2025-03-12,13.150,12.250,14.900,14.150,16.250,15.250,45.500,67.500,73.750
2025-03-13,13.150,12.250,14.900,14.150,16.250,15.250,45.500,67.500,73.750
2025-03-14,13.150,12.250,14.900,14.150,16.250,15.250,45.500,67.500,73.750
2025-03-15,,,,,,,,,
2025-03-16,,,,,,,,,
2025-03-17,13.150,12.250,14.900,14.150,16.250,15.250,45.500,66.250,80.000
2025-03-18,13.150,12.250,14.900,14.150,16.250,15.250,45.500,66.250,87.500
2025-03-19,13.150,12.250,14.900,14.150,16.250,15.250,45.500,66.250,87.500
2025-03-20,13.150,12.250,14.900,14.150,16.250,15.250,45.500,66.250,93.750
2025-03-21,13.150,12.250,14.900,14.150,16.250,15.250,45.500,66.250,93.750
2025-03-22,,,,,,,,,
2025-03-23,,,,,,,,,
2025-03-24,13.150,12.250,14.900,14.150,16.250,15.250,48.000,71.250,88.750
2025-03-25,13.150,12.250,14.900,14.150,16.250,15.250,48.000,71.250,91.250
2025-03-26,13.150,12.250,14.900,14.150,16.250,15.250,48.000,71.250,93.750
2025-03-27,13.150,12.250,14.900,14.150,16.250,15.250,48.000,71.250,93.750
2025-03-28,13.150,12.250,14.900,14.150,16.250,15.250,48.000,71.250,93.750
2025-03-29,,,,,,,,,
2025-03-30,,,,,,,,,
2025-03-31,13.150,12.250,14.900,14.150,16.250,15.250,48.000,71.250,93.750
2025-04-01,13.150,12.250,14.900,14.150,16.250,15.250,48.000,71.250,93.750
2025-04-02,13.150,12.250,14.900,14.150,16.250,15.250,48.000,71.250,93.750
2025-04-03,13.150,12.250,14.900,14.150,16.250,15.250,48.000,71.250,93.750
2025-04-04,13.150,12.250,14.900,14.150,16.250,15.250,48.000,71.250,93.750
2025-04-05,,,,,,,,,
2025-04-06,,,,,,,,,
2025-04-07,13.150,12.250,14.900,14.150,16.250,15.250,48.000,71.250,93.750
2025-04-08,13.150,12.250,14.900,14.150,16.250,15.250,50.750,71.250,90.000
2025-04-09,13.150,12.250,14.900,14.150,16.250,15.250,50.750,65.000,90.000
2025-04-10,13.150,12.250,14.900,14.150,16.250,15.250,50.750,65.000,96.250
2025-04-11,13.150,12.250,14.900,14.150,16.250,15.250,50.750,65.000,98.750
2025-04-12,,,,,,,,,
2025-04-13,,,,,,,,,
2025-04-14,13.150,12.250,14.900,14.150,16.250,15.250,50.750,60.000,93.750
2025-04-15,13.150,12.250,14.900,14.150,16.250,15.250,50.750,60.000,91.250
2025-04-16,13.150,12.250,14.900,14.150,16.250,15.250,50.750,57.500,85.000
2025-04-17,13.150,12.250,14.900,14.150,16.250,15.250,50.750,55.000,85.000
2025-04-18,13.150,12.250,14.900,14.150,16.250,15.250,50.750,55.000,85.000
2025-04-19,,,,,,,,,
2025-04-20,,,,,,,,,
2025-04-21,13.150,12.250,14.900,14.150,16.250,15.250,50.750,52.500,63.750
2025-04-22,13.150,12.250,14.900,14.150,16.250,15.250,50.750,52.500,63.750
2025-04-23,13.150,12.250,14.900,14.150,16.250,15.250,50.750,50.000,60.000
2025-04-24,13.150,12.250,14.900,14.150,16.250,15.250,49.500,50.000,60.000
2025-04-25,13.150,12.250,14.900,14.150,16.250,15.250,44.500,48.750,55.000
2025-04-26,,,,,,,,,
2025-04-27,,,,,,,,,
2025-04-28,13.150,12.250,14.900,14.150,16.250,15.250,43.500,35.000,48.750
2025-04-29,13.150,12.250,14.900,14.150,16.250,15.250,43.500,35.000,48.750
2025-04-30,13.150,12.250,14.900,14.150,16.250,15.250,43.500,33.750,46.250
2025-05-01,13.150,12.250,14.900,14.150,16.250,15.250,43.500,33.750,46.250
2025-05-02,13.150,12.250,14.900,14.150,16.250,15.250,43.500,32.500,43.750
2025-05-03,,,,,,,,,
2025-05-04,,,,,,,,,
2025-05-05,13.150,12.250,14.900,14.150,16.250,15.250,41.250,30.000,42.500
2025-05-06,13.150,12.250,14.900,14.150,16.250,15.250,41.250,30.000,42.500
2025-05-07,13.150,12.250,14.900,14.150,16.250,15.250,41.250,30.000,38.750
2025-05-08,13.150,12.250,14.900,14.150,16.250,15.250,41.250,30.000,38.750
2025-05-09,13.150,12.250,14.900,14.150,16.250,15.250,41.250,30.000,37.500
2025-05-10,,,,,,,,,
2025-05-11,,,,,,,,,
2025-05-12,13.150,12.250,14.900,14.150,16.250,15.250,41.250,30.000,37.500
2025-05-13,13.150,12.250,14.900,14.150,16.250,15.250,37.750,32.500,33.750
2025-05-14,13.150,12.250,14.900,14.150,16.250,15.250,37.750,32.500,33.750
2025-05-15,13.150,12.250,14.900,14.150,16.250,15.250,37.750,32.500,31.250
2025-05-16,13.150,12.250,14.900,14.150,16.250,15.250,37.750,32.500,31.250
2025-05-17,,,,,,,,,
2025-05-18,,,,,,,,,
2025-05-19,13.150,12.250,14.900,14.150,16.250,15.250,35.250,32.500,27.500
2025-05-20,13.150,12.250,14.900,14.150,16.250,15.250,35.250,32.500,27.500
2025-05-21,13.150,12.250,14.900,14.150,16.250,15.250,35.250,32.500,27.500
2025-05-22,13.150,12.250,14.900,14.150,16.250,15.250,35.250,33.750,27.500
2025-05-23,13.150,12.250,14.900,14.150,16.250,15.250,35.250,33.750,27.500
2025-05-24,,,,,,,,,
2025-05-25,,,,,,,,,
2025-05-26,13.150,12.250,14.900,14.150,16.250,15.250,35.250,33.750,27.500
2025-05-27,13.150,12.250,14.900,14.150,16.250,15.250,35.250,33.750,27.500
2025-05-28,13.150,12.250,14.900,14.150,16.250,15.250,35.250,33.750,27.500
2025-05-29,13.150,12.250,14.900,14.150,16.250,15.250,35.250,33.750,27.500
2025-05-30,13.150,12.250,14.900,14.150,16.250,15.250,35.250,33.750,27.500
2025-05-31,,,,,,,,,
2025-06-01,,,,,,,,,
2025-06-02,13.150,12.250,14.900,14.150,16.250,15.250,37.750,36.250,38.750
2025-06-03,13.150,12.250,14.900,14.150,16.250,15.250,37.750,36.250,42.500
2025-06-04,13.150,12.250,14.900,14.150,16.250,15.250,37.750,36.250,42.500
2025-06-05,13.150,12.250,14.900,14.150,16.250,15.250,40.750,36.250,45.000
2025-06-06,13.150,12.250,14.900,14.150,16.250,15.250,40.750,36.250,45.000
2025-06-07,,,,,,,,,
2025-06-08,,,,,,,,,
2025-06-09,13.150,12.250,14.900,14.150,16.250,15.250,39.250,36.250,37.500
2025-06-10,13.150,12.250,14.900,14.150,16.250,15.250,39.250,36.250,38.750
2025-06-11,13.150,12.250,14.900,14.150,16.250,15.250,39.250,37.500,38.750
2025-06-12,13.150,12.250,14.900,14.150,16.250,15.250,39.250,37.500,38.750
2025-06-13,13.150,12.250,14.900,14.150,16.250,15.250,39.250,37.500,38.750
2025-06-14,,,,,,,,,
2025-06-15,,,,,,,,,
2025-06-16,13.150,12.250,14.900,14.150,16.250,15.250,45.500,38.750,46.250
2025-06-17,13.150,12.250,14.900,14.150,16.250,15.250,45.500,38.750,46.250
2025-06-18,13.150,12.250,14.900,14.150,16.250,15.250,45.500,38.750,52.500
2025-06-19,13.150,12.250,14.900,14.150,16.250,15.250,45.500,38.750,52.500
2025-06-20,13.150,12.250,14.900,14.150,16.250,15.250,45.500,38.750,52.500
2025-06-21,,,,,,,,,
2025-06-22,,,,,,,,,
2025-06-23,13.150,12.250,14.900,14.150,16.250,15.250,41.750,40.000,55.000
2025-06-24,13.150,12.250,14.900,14.150,16.250,15.250,42.500,40.000,55.000
2025-06-25,13.150,12.250,14.900,14.150,16.250,15.250,40.000,35.250,49.500
2025-06-26,13.400,12.250,15.000,14.400,16.250,15.250,40.000,35.250,54.500
2025-06-27,13.400,12.250,15.000,14.400,16.250,15.250,40.000,35.250,54.500
2025-06-28,,,,,,,,,
2025-06-29,,,,,,,,,
2025-06-30,13.400,12.250,15.150,14.400,16.250,15.250,38.750,37.750,58.250
2025-07-01,13.400,12.250,15.150,14.400,16.250,15.250,38.750,37.750,55.750
2025-07-02,13.400,12.250,15.150,14.400,16.250,15.250,38.750,37.750,55.250
2025-07-03,13.400,12.250,15.150,14.400,16.250,15.250,38.750,37.750,57.000
2025-07-04,13.400,12.250,15.150,14.400,16.250,15.250,38.750,37.750,58.750
2025-07-05,,,,,,,,,
2025-07-06,,,,,,,,,
2025-07-07,13.400,12.250,15.150,14.400,16.250,15.250,42.500,41.250,62.500
2025-07-08,13.400,12.250,15.150,14.400,16.250,15.250,42.500,41.250,62.500
2025-07-09,13.400,12.250,15.150,14.400,16.250,15.250,42.500,41.250,62.500
2025-07-10,13.400,12.250,15.150,14.400,16.250,15.250,42.500,41.250,62.500
2025-07-11,13.400,12.250,15.150,14.400,16.250,15.250,42.500,41.250,62.500
2025-07-12,,,,,,,,,
2025-07-13,,,,,,,,,
2025-07-14,13.400,12.250,15.150,14.400,16.250,15.250,43.750,45.000,64.000
2025-07-15,13.400,12.250,15.150,14.400,16.250,15.250,43.750,45.000,62.500
2025-07-16,13.400,12.250,15.150,14.400,16.250,15.250,43.250,45.000,62.500
2025-07-17,13.400,12.250,15.150,14.400,16.250,15.250,43.250,43.750,57.500
2025-07-18,13.400,12.250,15.150,14.400,16.250,15.250,43.250,42.500,45.000
2025-07-19,,,,,,,,,
2025-07-20,,,,,,,,,
2025-07-21,13.400,12.400,15.150,14.400,16.250,15.250,46.250,43.000,40.000
2025-07-22,13.400,12.400,15.150,14.400,16.250,15.250,46.250,42.500,41.250
2025-07-23,13.400,12.400,15.150,14.400,16.250,15.250,46.250,42.500,40.000
2025-07-24,13.400,12.400,15.150,14.400,16.250,15.250,46.250,43.000,39.250
2025-07-25,13.400,12.400,15.150,14.400,16.250,15.250,46.250,43.000,39.250
2025-07-26,,,,,,,,,
2025-07-27,,,,,,,,,
2025-07-28,13.400,12.400,15.150,14.400,16.250,15.250,46.250,41.750,39.250
2025-07-29,13.400,12.400,15.150,14.400,16.250,15.250,46.250,44.250,38.000
2025-07-30,13.400,12.400,15.150,14.400,16.250,15.250,46.250,43.250,38.000
2025-07-31,13.400,12.400,15.150,14.400,16.250,15.250,46.250,42.000,36.750
2025-08-01,13.400,12.400,15.150,14.400,16.250,15.250,46.250,41.500,36.750
2025-08-02,,,,,,,,,
2025-08-03,,,,,,,,,
2025-08-04,13.400,12.400,15.150,14.400,16.250,15.250,51.250,39.000,35.000
2025-08-05,13.400,12.400,15.150,14.400,16.250,15.250,51.250,39.000,35.000
2025-08-06,13.400,12.400,15.150,14.400,16.250,15.250,51.250,39.000,33.750
2025-08-07,13.400,12.400,15.150,14.400,16.250,15.250,51.250,39.000,33.750
2025-08-08,13.400,12.400,15.150,14.400,16.250,15.250,51.250,39.000,33.750
2025-08-09,,,,,,,,,
2025-08-10,,,,,,,,,
2025-08-11,13.400,12.400,15.150,14.400,16.250,15.250,51.250,40.250,31.250
2025-08-12,13.400,12.400,15.150,14.400,16.250,15.250,50.000,37.250,31.250
2025-08-13,13.400,12.400,15.150,14.400,16.250,15.250,51.250,37.250,31.250
2025-08-14,13.400,12.400,15.150,14.400,16.250,15.250,51.250,37.250,31.250
2025-08-15,13.400,12.400,15.150,14.400,16.250,15.250,51.250,36.250,31.250
2025-08-16,,,,,,,,,
2025-08-17,,,,,,,,,
2025-08-18,13.400,12.400,15.150,14.400,16.250,15.250,51.250,36.250,31.250
2025-08-19,13.400,12.400,15.150,14.400,16.250,15.250,45.000,36.750,30.000
2025-08-20,13.400,12.400,15.150,14.400,16.250,15.250,45.000,36.750,27.500
2025-08-21,13.400,12.400,15.150,14.400,16.250,15.250,41.250,35.500,27.500
2025-08-22,13.400,12.400,15.150,14.400,16.250,15.250,41.250,35.500,26.750
2025-08-23,,,,,,,,,
2025-08-24,,,,,,,,,
2025-08-25,13.400,12.400,15.150,14.400,16.250,15.250,41.250,33.000,25.500
2025-08-26,13.400,12.400,15.150,14.400,16.250,15.250,41.250,33.000,25.500
2025-08-27,13.400,12.400,15.150,14.400,16.250,15.250,41.250,31.750,25.500
2025-08-28,13.400,12.400,15.150,14.400,16.250,15.250,41.250,31.750,25.500
2025-08-29,13.400,12.400,15.150,14.400,16.250,15.250,41.250,31.750,25.500
2025-08-30,,,,,,,,,
2025-08-31,,,,,,,,,
2025-09-01,13.400,12.400,15.150,14.400,16.250,15.250,41.250,31.750,26.250
2025-09-02,13.400,12.400,15.150,14.400,16.250,15.250,41.250,31.750,26.250
2025-09-03,13.400,12.400,15.150,14.400,16.250,15.250,41.250,31.750,26.250
2025-09-04,13.400,12.400,15.150,14.400,16.250,15.250,41.250,31.750,26.250
2025-09-05,13.400,12.400,15.150,14.400,16.250,15.250,41.250,31.750,26.250
2025-09-06,,,,,,,,,
2025-09-07,,,,,,,,,
2025-09-08,13.150,12.150,14.900,14.150,16.000,15.000,41.250,34.250,31.250
2025-09-09,13.150,12.150,14.900,14.150,16.000,15.000,41.250,34.250,31.250
2025-09-10,13.150,12.150,14.900,14.150,16.000,15.000,41.250,34.250,32.500
2025-09-11,13.150,12.150,14.900,14.150,16.000,15.000,41.250,34.250,30.750
2025-09-12,13.150,12.150,14.900,14.150,16.000,15.000,41.250,34.250,30.750
2025-09-13,,,,,,,,,
2025-09-14,,,,,,,,,
2025-09-15,13.150,12.150,14.900,14.150,16.000,15.000,41.250,36.250,33.750
2025-09-16,13.150,12.150,14.900,14.150,16.000,15.000,41.250,36.250,35.750
2025-09-17,13.150,12.150,14.900,14.150,16.000,15.000,41.250,36.250,38.250
2025-09-18,13.150,12.150,14.900,14.150,16.000,15.000,41.250,36.250,38.250
2025-09-19,13.150,12.150,14.900,14.150,16.000,15.000,41.250,36.250,37.000
2025-09-20,,,,,,,,,
2025-09-21,,,,,,,,,
2025-09-22,13.150,12.150,14.900,14.150,16.000,15.000,38.750,35.000,33.250
2025-09-23,13.150,12.150,14.900,14.150,16.000,15.000,38.750,35.000,33.250
2025-09-24,13.150,12.150,14.900,14.150,16.000,15.000,38.750,35.000,33.250
2025-09-25,13.150,12.150,14.900,14.150,16.000,15.000,38.750,35.000,33.250
2025-09-26,13.150,12.150,14.900,14.150,16.000,15.000,38.750,33.750,33.250
2025-09-27,,,,,,,,,
2025-09-28,,,,,,,,,
2025-09-29,13.150,12.150,14.900,14.150,16.000,15.000,38.750,29.500,31.250
2025-09-30,13.150,12.150,14.900,14.150,16.000,15.000,38.750,29.500,31.250
2025-10-01,13.150,12.150,14.900,14.150,16.000,15.000,38.750,29.250,31.250
2025-10-02,13.150,12.150,14.900,14.150,16.000,15.000,38.750,29.250,31.250
2025-10-03,13.150,12.150,14.900,14.150,16.000,15.000,38.750,29.250,31.250
2025-10-04,,,,,,,,,
2025-10-05,,,,,,,,,
2025-10-06,13.150,12.150,14.900,14.150,16.000,15.000,38.750,30.500,33.750
2025-10-07,13.150,12.150,14.900,14.150,16.000,15.000,38.750,30.500,33.750
2025-10-08,13.150,12.150,14.900,14.150,16.000,15.000,40.000,30.500,33.750
2025-10-09,13.150,12.150,14.900,14.150,16.000,15.000,40.000,29.250,33.750
2025-10-10,13.150,12.150,14.900,14.150,16.000,15.000,40.000,29.250,33.750
2025-10-11,,,,,,,,,
2025-10-12,,,,,,,,,
2025-10-13,13.150,12.150,14.900,14.150,16.000,15.000,41.500,28.000,33.000
2025-10-14,13.150,12.150,14.900,14.150,16.000,15.000,41.500,28.000,33.000
2025-10-15,13.150,12.150,14.900,14.150,16.000,15.000,41.500,28.000,33.000
2025-10-16,13.150,12.150,14.900,14.150,16.000,15.000,41.500,28.000,33.000
2025-10-17,13.150,12.150,14.900,14.150,16.000,15.000,41.500,28.000,36.250
2025-10-18,,,,,,,,,
2025-10-19,,,,,,,,,
2025-10-20,13.150,12.150,14.900,14.150,16.000,15.000,41.500,28.000,35.000
2025-10-21,13.150,12.150,14.900,14.150,16.000,15.000,41.500,27.250,31.000
2025-10-22,13.150,12.150,14.900,14.150,16.000,15.000,41.500,27.250,29.750
2025-10-23,13.150,12.150,14.900,14.150,16.000,15.000,41.500,26.000,28.500
2025-10-24,13.150,12.150,14.900,14.150,16.000,15.000,41.500,26.000,28.500
2025-10-25,,,,,,,,,
2025-10-26,,,,,,,,,
2025-10-27,13.150,12.150,14.900,14.150,16.000,15.000,41.500,26.000,28.500
2025-10-28,13.150,12.150,14.900,14.150,16.000,15.000,41.500,26.000,29.750
2025-10-29,13.150,12.150,14.900,14.150,16.000,15.000,41.500,26.000,29.750
2025-10-30,13.150,12.150,14.900,14.150,16.000,15.000,41.500,27.250,30.250
2025-10-31,13.150,12.150,14.900,14.150,16.000,15.000,41.500,27.250,30.250
2025-11-01,,,,,,,,,
2025-11-02,,,,,,,,,
2025-11-03,13.150,12.150,14.900,14.150,16.000,15.000,42.000,27.250,31.500
2025-11-04,13.150,12.150,14.900,14.150,16.000,15.000,42.000,26.000,30.250
2025-11-05,13.150,12.150,14.900,14.150,16.000,15.000,42.000,26.000,29.000
2025-11-06,13.150,12.150,14.900,14.150,16.000,15.000,42.000,26.000,30.250
2025-11-07,13.150,12.150,14.900,14.150,16.000,15.000,42.000,26.000,30.250
2025-11-08,,,,,,,,,
2025-11-09,,,,,,,,,
2025-11-10,13.150,12.150,14.900,14.150,16.000,15.000,42.000,26.000,30.250
2025-11-11,13.150,12.150,14.900,14.150,16.000,15.000,42.000,27.500,30.250
2025-11-12,13.150,12.150,14.900,14.150,16.000,15.000,42.000,27.500,30.250
2025-11-13,13.150,12.150,14.900,14.150,16.000,15.000,42.000,27.000,32.000
2025-11-14,13.150,12.150,14.900,14.150,16.000,15.000,42.000,25.750,32.500
2025-11-15,,,,,,,,,
2025-11-16,,,,,,,,,
2025-11-17,13.150,12.150,14.900,14.150,16.000,15.000,42.000,28.000,35.000
2025-11-18,13.150,12.150,14.900,14.150,16.000,15.000,42.000,29.250,37.500
2025-11-19,13.150,12.150,14.900,14.150,16.000,15.000,42.000,29.250,40.000
2025-11-20,13.150,12.150,14.900,14.150,16.000,15.000,42.000,32.750,38.750
2025-11-21,13.150,12.150,14.900,14.150,16.000,15.000,42.000,37.750,40.000
2025-11-22,,,,,,,,,
2025-11-23,,,,,,,,,
2025-11-24,13.150,12.150,14.900,14.150,16.000,15.000,42.000,39.000,45.000
2025-11-25,13.150,12.150,14.900,14.150,16.000,15.000,42.000,40.250,45.000
2025-11-26,13.150,12.150,14.900,14.150,16.000,15.000,42.000,40.250,45.000
2025-11-27,13.150,12.150,14.900,14.150,16.000,15.000,42.000,41.250,47.500
2025-11-28,13.150,12.150,14.900,14.150,16.000,15.000,42.000,41.250,49.250
2025-11-29,,,,,,,,,
2025-11-30,,,,,,,,,
2025-12-01,13.150,12.150,14.900,14.150,16.000,15.000,46.250,48.750,60.000
2025-12-02,13.150,12.150,14.900,14.150,16.000,15.000,46.250,56.250,66.750
2025-12-03,13.150,12.150,14.900,14.150,16.000,15.000,48.750,56.250,67.750
2025-12-04,13.150,12.150,14.900,14.150,16.000,15.000,48.750,57.500,69.000
2025-12-05,13.150,12.150,14.900,14.150,16.000,15.000,50.000,63.750,75.250
2025-12-06,,,,,,,,,
2025-12-07,,,,,,,,,
2025-12-08,13.150,12.150,14.900,14.150,16.000,15.000,50.000,66.250,84.500
2025-12-09,13.150,12.150,14.900,14.150,16.000,15.000,50.000,67.500,84.500
2025-12-10,13.150,12.150,14.900,14.150,16.000,15.000,50.000,67.500,83.750
2025-12-11,13.150,12.150,14.900,14.150,16.000,15.000,50.000,67.500,82.500
2025-12-12,13.150,12.150,14.900,14.150,16.000,15.000,50.000,67.500,78.750
2025-12-13,,,,,,,,,
2025-12-14,,,,,,,,,
2025-12-15,13.150,12.150,14.900,14.150,16.000,15.000,46.750,67.500,76.250
2025-12-16,13.150,12.150,14.900,14.150,16.000,15.000,46.750,67.500,74.000
2025-12-17,13.150,12.150,14.900,14.150,16.000,15.000,46.750,67.500,73.000
2025-12-18,13.150,12.150,14.900,14.150,16.000,15.000,46.750,67.500,63.250
2025-12-19,13.150,12.150,14.900,14.150,16.000,15.000,46.750,67.500,53.750
2025-12-20,,,,,,,,,
2025-12-21,,,,,,,,,
2025-12-22,13.150,12.150,14.900,14.150,16.000,15.000,46.750,67.500,56.250
2025-12-23,13.150,12.150,14.900,14.150,16.000,15.000,46.750,67.500,56.250
2025-12-24,13.150,12.150,14.900,14.150,16.000,15.000,46.750,67.500,56.250
2025-12-25,13.150,12.150,14.900,14.150,16.000,15.000,46.750,67.500,56.250
2025-12-26,13.150,12.150,14.900,14.150,16.000,15.000,46.750,67.500,56.250
2025-12-27,,,,,,,,,
2025-12-28,,,,,,,,,
2025-12-29,13.150,12.150,14.900,14.150,16.000,15.000,45.250,66.250,55.000
2025-12-30,13.150,12.150,14.900,14.150,16.000,15.000,44.750,70.000,54.250
2025-12-31,13.150,12.150,14.900,14.150,16.000,15.000,43.500,70.000,54.250
2026-01-01,13.150,12.150,14.900,14.150,16.000,15.000,43.500,70.000,54.250
2026-01-02,13.150,12.150,14.900,14.150,16.000,15.000,43.500,70.000,56.250
2026-01-03,,,,,,,,,
2026-01-04,,,,,,,,,
2026-01-05,13.150,12.150,14.900,14.150,16.000,15.000,43.500,69.000,50.000
2026-01-06,13.150,12.150,14.900,14.150,16.000,15.000,43.500,69.000,50.000
2026-01-07,13.150,12.150,14.900,14.150,16.000,15.000,43.500,67.750,45.000
2026-01-08,13.150,12.150,14.900,14.150,16.000,15.000,43.500,67.750,45.000
2026-01-09,13.150,12.150,14.900,14.150,16.000,15.000,43.500,67.500,42.000
2026-01-10,,,,,,,,,
2026-01-11,,,,,,,,,
2026-01-12,13.150,12.150,14.900,14.150,16.000,15.000,42.250,61.250,37.500
2026-01-13,13.150,12.150,14.900,14.150,16.000,15.000,42.250,61.250,37.500
2026-01-14,13.150,12.150,14.900,14.150,16.000,15.000,42.750,58.750,36.250
2026-01-15,13.150,12.150,14.900,14.150,16.000,15.000,42.750,58.750,36.250
2026-01-16,13.150,12.150,14.900,14.150,16.000,15.000,42.750,58.750,36.250
2026-01-17,,,,,,,,,
2026-01-18,,,,,,,,,
2026-01-19,13.150,12.150,14.900,14.150,16.000,15.000,42.750,58.750,41.250
2026-01-20,13.150,12.150,14.900,14.150,16.000,15.000,42.750,58.750,42.500
2026-01-21,13.150,12.150,14.900,14.150,16.000,15.000,42.750,58.750,42.500
2026-01-22,13.150,12.150,14.900,14.150,16.000,15.000,42.750,57.500,45.500
2026-01-23,13.150,12.150,14.900,14.150,16.000,15.000,42.750,57.500,46.250
2026-01-24,,,,,,,,,
2026-01-25,,,,,,,,,
2026-01-26,13.150,12.150,14.900,14.150,16.000,15.000,42.750,55.000,49.500
2026-01-27,13.150,12.150,14.900,14.150,16.000,15.000,42.750,52.250,52.000
2026-01-28,13.150,12.150,14.900,14.150,16.000,15.000,42.750,52.250,53.000
2026-01-29,13.150,12.150,14.900,14.150,16.000,15.000,42.750,53.500,58.900
2026-01-30,13.150,12.150,14.900,14.150,16.000,15.000,42.750,56.000,62.500
2026-01-31,,,,,,,,,
2026-02-01,,,,,,,,,
2026-02-02,13.150,12.150,14.900,14.150,16.000,15.000,42.750,60.000,65.000
2026-02-03,13.150,12.150,14.900,14.150,16.000,15.000,42.750,60.000,65.000
2026-02-04,13.150,12.150,14.900,14.150,16.000,15.000,42.750,60.000,68.000
2026-02-05,13.150,12.150,14.900,14.150,16.000,15.000,42.750,60.750,81.250
2026-02-06,13.150,12.150,14.900,14.150,16.000,15.000,42.750,60.750,81.250
2026-02-07,,,,,,,,,
2026-02-08,,,,,,,,,
2026-02-09,13.150,12.150,14.900,14.150,16.000,15.000,42.750,60.750,78.750
2026-02-10,13.150,12.150,14.900,14.150,16.000,15.000,42.750,60.000,81.500
2026-02-11,13.150,12.150,14.900,14.150,16.000,15.000,42.750,60.000,89.000
2026-02-12,13.150,12.150,14.900,14.150,16.000,15.000,42.750,59.000,88.000
2026-02-13,13.150,12.150,14.900,14.150,16.000,15.000,42.750,59.000,90.500
2026-02-14,,,,,,,,,
2026-02-15,,,,,,,,,
2026-02-16,13.150,12.150,14.900,14.150,16.000,15.000,42.750,59.000,90.500
2026-02-17,13.150,12.150,14.900,14.150,16.000,15.000,42.750,59.000,90.500
2026-02-18,13.150,12.150,14.900,14.150,16.000,15.000,45.000,61.500,94.250
2026-02-19,13.150,12.150,14.900,14.150,16.000,15.000,45.000,61.500,96.750
2026-02-20,13.150,12.150,14.900,14.150,16.000,15.000,45.000,61.500,101.250
2026-02-21,,,,,,,,,
2026-02-22,,,,,,,,,
2026-02-23,13.150,12.150,14.900,14.150,16.000,15.000,45.000,61.500,88.750
2026-02-24,13.150,12.150,14.900,14.150,16.000,15.000,45.000,61.500,87.000
2026-02-25,13.150,12.150,14.900,14.150,16.000,15.000,45.000,59.000,86.250
2026-02-26,13.150,12.150,14.900,14.150,16.000,15.000,45.000,59.000,87.000
2026-02-27,13.150,12.150,14.900,14.150,16.000,15.000,45.000,59.000,88.750
2026-02-28,,,,,,,,,
2026-03-01,,,,,,,,,
2026-03-02,13.150,12.150,14.900,14.150,16.000,15.000,45.000,59.000,87.500
2026-03-03,13.150,12.150,14.900,14.150,16.000,15.000,45.000,59.000,90.000
2026-03-04,13.150,12.150,14.900,14.150,16.000,15.000,45.000,59.000,93.750
2026-03-05,13.150,12.150,14.900,14.150,16.000,15.000,45.000,59.000,93.750
2026-03-06,13.150,12.150,14.900,14.150,16.000,15.000,45.000,59.000,97.500
2026-03-07,,,,,,,,,
2026-03-08,,,,,,,,,
2026-03-09,13.150,12.150,14.900,14.150,16.000,15.000,45.000,61.500,97.500
2026-03-10,13.150,12.150,14.900,14.150,16.000,15.000,45.000,61.500,98.750
2026-03-11,13.150,12.150,14.900,14.150,16.000,15.000,45.000,61.500,96.250
2026-03-12,13.150,12.150,14.900,14.150,16.000,15.000,45.000,61.500,96.250
2026-03-13,13.150,12.150,14.900,14.150,16.000,15.000,45.000,61.500,98.750
2026-03-14,,,,,,,,,
2026-03-15,,,,,,,,,
2026-03-16,13.150,12.150,14.900,14.150,16.000,15.000,44.500,62.500,92.500
2026-03-17,13.150,12.150,14.900,14.150,16.000,15.000,44.500,65.000,112.500
2026-03-18,13.150,12.150,14.900,14.150,16.000,15.000,44.500,65.000,112.500
2026-03-19,13.150,12.150,14.900,14.150,16.000,15.000,44.500,65.000,112.500
2026-03-20,13.150,12.150,14.900,14.150,16.000,15.000,44.500,65.000,112.500
2026-03-21,,,,,,,,,
2026-03-22,,,,,,,,,
2026-03-23,13.150,12.150,14.900,14.150,16.000,15.000,44.500,65.000,112.500
2026-03-24,13.150,12.150,14.900,14.150,16.000,15.000,44.500,65.000,112.500
2026-03-25,13.150,12.150,14.900,14.150,16.000,15.000,44.250,63.750,62.500
2026-03-26,13.150,12.150,14.900,14.150,16.000,15.000,44.250,60.000,72.500
2026-03-27,13.150,12.150,14.900,14.150,16.000,15.000,43.000,60.000,77.500
2026-03-28,,,,,,,,,
2026-03-29,,,,,,,,,
2026-03-30,13.150,12.150,14.900,14.150,16.000,15.000,43.000,59.000,80.000
2026-03-31,13.150,12.150,14.900,14.150,16.000,15.000,43.000,59.000,80.500
2026-04-01,13.150,12.150,14.900,14.150,16.000,15.000,43.000,52.500,81.750
2026-04-02,13.150,12.150,14.900,14.150,16.000,15.000,43.000,52.500,80.000
2026-04-03,13.150,12.150,14.900,14.150,16.000,15.000,43.000,52.500,80.000
2026-04-04,,,,,,,,,
2026-04-05,,,,,,,,,
2026-04-06,13.150,12.150,14.900,14.150,16.000,15.000,43.000,56.500,78.750
2026-04-07,13.150,12.150,14.900,14.150,16.000,15.000,43.000,56.500,78.750
2026-04-08,13.150,12.150,14.900,14.150,16.000,15.000,43.000,56.250,75.750
2026-04-09,13.150,12.150,14.900,14.150,16.000,15.000,43.000,56.250,70.000
2026-04-10,13.150,12.150,14.900,14.150,16.000,15.000,43.000,56.250,68.750
2026-04-11,,,,,,,,,
2026-04-12,,,,,,,,,
2026-04-13,13.150,12.150,14.900,14.150,16.000,15.000,44.000,51.250,66.250
2026-04-14,13.150,12.150,14.900,14.150,16.000,15.000,44.000,52.500,65.000
2026-04-15,13.150,12.150,14.900,14.150,16.000,15.000,44.000,52.500,65.000
2026-04-16,13.150,12.150,14.900,14.150,16.000,15.000,44.000,52.500,66.250
2026-04-17,13.150,12.150,14.900,14.150,16.000,15.000,44.000,52.500,66.250
2026-04-18,,,,,,,,,
2026-04-19,,,,,,,,,
2026-04-20,13.150,12.150,14.900,14.150,16.000,15.000,44.000,55.000,63.750
2026-04-21,13.150,12.150,14.900,14.150,16.000,15.000,44.000,55.000,63.750
2026-04-22,13.150,12.150,14.900,14.150,16.000,15.000,44.000,53.750,63.750
2026-04-23,13.150,12.150,14.900,14.150,16.000,15.000,44.000,53.750,60.750
2026-04-24,13.150,12.150,14.900,14.150,16.000,15.000,44.000,53.750,60.000
2026-04-25,,,,,,,,,
2026-04-26,,,,,,,,,
2026-04-27,13.150,12.150,14.900,14.150,16.000,15.000,44.000,55.000,53.250
2026-04-28,13.150,12.150,14.900,14.150,16.000,15.000,44.000,55.000,55.000
2026-04-29,13.150,12.150,14.900,14.150,16.000,15.000,44.000,55.000,55.000
2026-04-30,13.150,12.150,14.900,14.150,16.000,15.000,44.000,54.000,54.250
2026-05-01,13.150,12.150,14.900,14.150,16.000,15.000,44.000,54.000,54.250
2026-05-02,,,,,,,,,
2026-05-03,,,,,,,,,
2026-05-04,13.150,12.150,14.900,14.150,16.000,15.000,44.000,60.000,67.500
2026-05-05,13.150,12.150,14.900,14.150,16.000,15.000,44.000,60.000,72.500
2026-05-06,13.150,12.150,14.900,14.150,16.000,15.000,44.000,60.000,77.500
2026-05-07,13.150,12.150,14.900,14.150,16.000,15.000,44.000,60.000,77.500
2026-05-08,13.150,12.150,14.900,14.150,16.000,15.000,44.000,60.000,77.500
2026-05-09,,,,,,,,,
2026-05-10,,,,,,,,,
2026-05-11,13.150,12.150,14.900,14.150,16.000,15.000,44.000,57.250,81.250
2026-05-12,13.150,12.150,14.900,14.150,16.000,15.000,44.000,57.250,81.250
2026-05-13,13.150,12.150,14.900,14.150,16.000,15.000,44.000,57.250,81.250
2026-05-14,13.150,12.150,14.900,14.150,16.000,15.000,44.000,57.250,81.250
2026-05-15,13.150,12.150,14.900,14.150,16.000,15.000,44.000,57.250,81.250
2026-05-16,,,,,,,,,
2026-05-17,,,,,,,,,
2026-05-18,13.150,12.150,14.900,14.150,16.000,15.000,42.500,57.250,80.750
2026-05-19,13.150,12.150,14.900,14.150,16.000,15.000,42.500,57.250,80.750
2026-05-20,13.150,12.150,14.900,14.150,16.000,15.000,42.500,57.250,77.500
2026-05-21,13.150,12.150,14.900,14.150,16.000,15.000,42.500,57.250,76.250
2026-05-22,13.150,12.150,14.900,14.150,16.000,15.000,42.500,57.250,79.000
2026-05-23,,,,,,,,,
2026-05-24,,,,,,,,,
2026-05-25,13.150,12.150,14.900,14.150,16.000,15.000,43.750,57.500,79.000
2026-05-26,13.150,12.150,14.900,14.150,16.000,15.000,43.750,57.500,79.000
2026-05-27,13.150,12.150,14.900,14.150,16.000,15.000,43.750,57.500,79.000
2026-05-28,13.150,12.150,14.900,14.150,16.000,15.000,43.750,57.500,79.000
2026-05-29,13.150,12.150,14.900,14.150,16.000,15.000,47.500,53.750,80.000
2026-05-30,,,,,,,,,
2026-05-31,,,,,,,,,
2026-06-01,13.150,12.150,14.900,14.150,16.000,15.000,47.500,53.750,80.000
2026-06-02,13.150,12.150,14.900,14.150,16.000,15.000,47.500,52.500,71.500
2026-06-03,13.150,12.150,14.900,14.150,16.000,15.000,47.500,52.500,73.000
2026-06-04,13.150,12.150,14.900,14.150,16.000,15.000,47.500,51.250,73.000
2026-06-05,13.150,12.150,14.900,14.150,16.000,15.000,48.750,51.250,73.000
2026-06-06,,,,,,,,,
2026-06-07,,,,,,,,,
2026-06-08,13.150,12.150,14.900,14.150,16.000,15.000,51.250,45.000,67.000
2026-06-09,13.150,12.150,14.900,14.150,16.000,15.000,51.250,45.000,67.000
2026-06-10,13.150,12.150,14.900,14.150,16.000,15.000,51.250,45.000,67.000
2026-06-11,13.150,12.150,14.900,14.150,16.000,15.000,51.250,45.000,67.500
2026-06-12,13.150,12.150,14.900,14.150,16.000,15.000,51.250,45.000,66.250
2026-06-13,,,,,,,,,
2026-06-14,,,,,,,,,
2026-06-15,13.150,12.150,14.900,14.150,16.000,15.000,49.000,45.000,62.000
2026-06-16,13.150,12.150,14.900,14.150,16.000,15.000,49.000,45.000,62.000
2026-06-17,13.150,12.150,14.900,14.150,16.000,15.000,49.000,47.500,62.500
2026-06-18,13.250,12.150,15.000,14.250,16.400,15.250,49.000,51.250,64.500
2026-06-19,13.250,12.150,15.000,14.250,16.400,15.250,49.000,50.000,64.500
2026-06-20,,,,,,,,,
2026-06-21,,,,,,,,,
2026-06-22,13.250,12.150,15.000,14.250,16.400,15.250,49.000,48.750,55.000
2026-06-23,13.250,12.150,15.000,14.250,16.400,15.250,49.000,47.500,55.000
2026-06-24,13.250,12.150,15.000,14.250,16.400,15.250,49.000,47.500,55.000
2026-06-25,13.250,12.150,15.000,14.250,16.400,15.250,49.000,47.500,51.250
2026-06-26,13.250,12.150,15.000,14.250,16.400,15.250,49.000,45.000,48.750
2026-06-27,,,,,,,,,
2026-06-28,,,,,,,,,
2026-06-29,13.250,12.150,15.000,14.250,16.400,15.250,49.000,43.750,45.750
2026-06-30,13.250,12.150,15.000,14.250,16.400,15.250,49.000,45.000,45.750
2026-07-01,13.250,12.150,15.000,14.250,16.400,15.250,49.000,45.000,46.250
2026-07-02,13.250,12.150,15.000,14.250,16.400,15.250,49.000,43.750,43.750
2026-07-03,13.250,12.150,15.000,14.250,16.400,15.250,49.000,44.250,43.750
2026-07-04,,,,,,,,,
2026-07-05,,,,,,,,,
2026-07-06,13.250,12.150,15.000,14.250,16.400,15.250,49.000,45.000,48.750
2026-07-07,13.250,12.150,15.000,14.250,16.400,15.250,49.000,45.000,48.000
2026-07-08,13.250,12.150,15.000,14.250,16.400,15.250,49.000,45.000,48.000
2026-07-09,13.250,12.150,15.000,14.250,16.400,15.250,49.000,45.750,48.000
2026-07-10,13.250,12.150,15.000,14.250,16.400,15.250,49.000,46.250,46.750
2026-07-11,,,,,,,,,
2026-07-12,,,,,,,,,
2026-07-13,13.250,12.150,15.000,14.250,16.400,15.250,49.000,46.750,44.500
2026-07-14,13.250,12.150,15.000,14.250,16.400,15.250,47.500,48.000,44.500
2026-07-15,13.250,12.150,15.000,14.250,16.400,15.250,47.500,48.750,44.500
2026-07-16,13.250,12.150,15.000,14.250,16.400,15.250,47.500,48.750,44.500
2026-07-17,13.250,12.150,15.000,14.250,16.400,15.250,47.500,48.750,42.500
2026-07-18,,,,,,,,,
2026-07-19,,,,,,,,,
2026-07-20,13.250,12.150,15.000,14.250,16.400,15.250,46.250,47.500,40.500
2026-07-21,13.250,12.150,15.000,14.250,16.400,15.250,46.250,45.000,40.000
2026-07-22,13.250,12.150,15.000,14.250,16.400,15.250,46.250,45.000,40.000
2026-07-23,13.250,12.150,15.000,14.250,16.400,15.250,46.250,46.250,41.250
2026-07-24,13.250,12.150,15.000,14.250,16.400,15.250,46.250,45.750,41.250
2026-07-25,,,,,,,,,
2026-07-26,,,,,,,,,
2026-07-27,13.250,12.150,15.000,14.250,16.400,15.250,41.500,47.000,40.000
2026-07-28,13.250,12.150,15.000,14.250,16.400,15.250,41.250,47.000,41.250
2026-07-29,13.250,12.150,15.000,14.250,16.400,15.250,41.250,45.750,42.500
2026-07-30,13.250,12.150,15.000,14.250,16.400,15.250,41.250,45.750,45.000
2026-07-31,13.250,12.150,15.000,14.250,16.400,15.250,41.250,45.500,45.000
2026-08-01,,,,,,,,,
2026-08-02,,,,,,,,,
2026-08-03,13.250,12.150,15.000,14.250,16.500,15.400,40.500,45.500,46.250
